action,collision_sku,title,composer,correct_sku
KEEP,R04b1001,"AeroNorff",R04b,R04b1001
MOVE,R04b1001,"Snack Security Hearsay",R04b,R04b10013
KEEP,R04b1011,"Aeroclose",R04b,R04b1011
MOVE,R04b1011,"Goose Platter Possibility",R04b,R04b10113
KEEP,R13a1011,"Thompson",R13a,R13a1011
MOVE,R13a1011,"Trespassing",R13a,R13a10113
KEEP,R13a1021,"Yogg",R13a,R13a1021
MOVE,R13a1021,"Rounding Out",R13a,R13a10213
KEEP,R13a1031,"Proof",R13a,R13a1031
MOVE,R13a1031,"Magic Roar",R13a,R13a10313
KEEP,R13a1041,"Shopping",R13a,R13a1041
MOVE,R13a1041,"Slight Twitch",R13a,R13a10413
KEEP,R13a1061,"Coldifide",R13a,R13a1061
MOVE,R13a1061,"The Pendulum",R13a,R13a10613
KEEP,R13a1071,"Floating Lotus",R13a,R13a1071
MOVE,R13a1071,"Wide Aisle",R13a,R13a10713
KEEP,R13a1081,"Raise",R13a,R13a1081
MOVE,R13a1081,"Blissful",R13a,R13a10813
KEEP,R13a1091,"Scavenger",R13a,R13a1091
MOVE,R13a1091,"The Big Awe",R13a,R13a10913
KEEP,R13a1101,"Compost",R13a,R13a1101
MOVE,R13a1101,"Databaser",R13a,R13a11013
KEEP,R13a1111,"Forward Madness",R13a,R13a1111
MOVE,R13a1111,"Keep On The Look Out",R13a,R13a11113
KEEP,R13a1121,"New Energy",R13a,R13a1121
MOVE,R13a1121,"Hot Trot",R13a,R13a11213
KEEP,R13a1131,"TruLove",R13a,R13a1131
MOVE,R13a1131,"Kitchen Game",R13a,R13a11313
KEEP,R13a1141,"Up And On",R13a,R13a1141
MOVE,R13a1141,"Against All Odds",R13a,R13a11413
KEEP,R13a1151,"Next Day",R13a,R13a1151
MOVE,R13a1151,"Returns",R13a,R13a11513
KEEP,R13a1161,"Nowhere To Run To",R13a,R13a1161
MOVE,R13a1161,"Bubble Drag",R13a,R13a11613
KEEP,R13a1171,"Out The Window",R13a,R13a1171
MOVE,R13a1171,"Tipsies",R13a,R13a11713
KEEP,R13a1191,"Easy Breezy",R13a,R13a1191
MOVE,R13a1191,"Modazz",R13a,R13a11913
KEEP,R13a1201,"Iron",R13a,R13a1201
MOVE,R13a1201,"First Building Blocks",R13a,R13a12013
KEEP,R13a1211,"Life Ins",R13a,R13a1211
MOVE,R13a1211,"In The Air",R13a,R13a12113
KEEP,R13a1221,"Bembe Dancing",R13a,R13a1221
MOVE,R13a1221,"The Right Path",R13a,R13a12213
KEEP,R13a1231,"Late Late Night",R13a,R13a1231
MOVE,R13a1231,"Brightest Lights",R13a,R13a12313
KEEP,R13a1241,"Picnic",R13a,R13a1241
MOVE,R13a1241,"Stuff Strut",R13a,R13a12413
KEEP,R13a1251,"Draining",R13a,R13a1251
MOVE,R13a1251,"Rooftop View",R13a,R13a12513
KEEP,R13a1261,"Coating",R13a,R13a1261
MOVE,R13a1261,"Make A Grand Entrance",R13a,R13a12613
KEEP,R13a1271,"Darkness",R13a,R13a1271
MOVE,R13a1271,"Tall And Proud",R13a,R13a12713
KEEP,R13a1282,"First",R13a,R13a1282
MOVE,R13a1282,"Reach The Rich",R13a,R13a12823
KEEP,R13a1301,"Positive Negative",R13a,R13a1301
MOVE,R13a1301,"Old New",R13a,R13a13013
KEEP,R13a1311,"Pursuit",R13a,R13a1311
MOVE,R13a1311,"Dark And Late",R13a,R13a13113
KEEP,R13a1351,"Suspense",R13a,R13a1351
MOVE,R13a1351,"Picnic With Jill",R13a,R13a13513
KEEP,R13a1361,"This Is Not A Test",R13a,R13a1361
MOVE,R13a1361,"Me First",R13a,R13a13613
KEEP,R13a1371,"Lookout",R13a,R13a1371
MOVE,R13a1371,"Rollin' In",R13a,R13a13713
KEEP,R13a1381,"On Edge",R13a,R13a1381
MOVE,R13a1381,"So Smooth",R13a,R13a13813
KEEP,R13a1391,"Garage Sale 2",R13a,R13a1391
MOVE,R13a1391,"In Good Spirit",R13a,R13a13913
KEEP,R13a1401,"Intent",R13a,R13a1401
MOVE,R13a1401,"Shame",R13a,R13a14013
KEEP,R13a1431,"Search And Find",R13a,R13a1431
MOVE,R13a1431,"Hard Out",R13a,R13a14313
KEEP,R13a1441,"Summer Bench",R13a,R13a1441
MOVE,R13a1441,"So Near So Far",R13a,R13a14413
KEEP,R13a1451,"Driven",R13a,R13a1451
MOVE,R13a1451,"Trenches",R13a,R13a14513
KEEP,R13a1461,"Playground",R13a,R13a1461
MOVE,R13a1461,"Sure Enough 2",R13a,R13a14613
KEEP,R13a1471,"Splitting Up",R13a,R13a1471
MOVE,R13a1471,"Super Sweet",R13a,R13a14713
KEEP,R13a1481,"Flashlighting",R13a,R13a1481
MOVE,R13a1481,"Round Table 2",R13a,R13a14813
KEEP,R13a1491,"Morning Hustle",R13a,R13a1491
MOVE,R13a1491,"Soft Crawl",R13a,R13a14914
KEEP,R13a1501,"Commitment",R13a,R13a1501
MOVE,R13a1501,"Gutter Strut",R13a,R13a15014
KEEP,R13a1511,"Happy Birds",R13a,R13a1511
MOVE,R13a1511,"Love Of My Life",R13a,R13a15114
KEEP,R13a1521,"Hollaring",R13a,R13a1521
MOVE,R13a1521,"Dead Roses",R13a,R13a15214
KEEP,R13a1531,"Quantifying",R13a,R13a1531
MOVE,R13a1531,"Shift After Shift",R13a,R13a15314
KEEP,R13a1541,"Bluesing",R13a,R13a1541
MOVE,R13a1541,"In The Thick",R13a,R13a15414
KEEP,R13a1551,"Hold And Behold",R13a,R13a1551
MOVE,R13a1551,"Between The Two",R13a,R13a15514
KEEP,R13a1561,"Picking",R13a,R13a1561
MOVE,R13a1561,"Storm Clouds",R13a,R13a15614
KEEP,R13a1571,"Findings",R13a,R13a1571
MOVE,R13a1571,"Like The Rain",R13a,R13a15714
KEEP,R13a1581,"Right There",R13a,R13a1581
MOVE,R13a1581,"Riding High",R13a,R13a15814
KEEP,S33a1001,"Gates",S33a,S33a1001
MOVE,S33a1001,"Last Chance",S33a,S33a10012
KEEP,S33a1011,"Heavy Guitar",S33a,S33a1011
MOVE,S33a1011,"Island Style",S33a,S33a10112
KEEP,S33a1021,"Hot Pot",S33a,S33a1021
MOVE,S33a1021,"Preparations",S33a,S33a10212
KEEP,S33a1031,"Hours",S33a,S33a1031
MOVE,S33a1031,"Dry Highways",S33a,S33a10312
KEEP,S33a1041,"In And Around",S33a,S33a1041
MOVE,S33a1041,"Long Take Off",S33a,S33a10412
KEEP,S33a1051,"Light In The Tunnel",S33a,S33a1051
MOVE,S33a1051,"Major Orders",S33a,S33a10512
KEEP,S33a1061,"Memory",S33a,S33a1061
MOVE,S33a1061,"Heliosphere",S33a,S33a10612
KEEP,S33a1071,"Noise",S33a,S33a1071
MOVE,S33a1071,"Broken Intel",S33a,S33a10712
KEEP,S33a1081,"Postcard",S33a,S33a1081
MOVE,S33a1081,"Leading News",S33a,S33a10812
KEEP,S33a1091,"Prices",S33a,S33a1091
MOVE,S33a1091,"Docks",S33a,S33a10912
KEEP,S33a1101,"Producer",S33a,S33a1101
MOVE,S33a1101,"Slow Breeze 65",S33a,S33a11012
KEEP,S33a1111,"Telephone",S33a,S33a1111
MOVE,S33a1111,"First Found",S33a,S33a11112
KEEP,S33a1121,"Theatre",S33a,S33a1121
MOVE,S33a1121,"Full Hospitals",S33a,S33a11212
KEEP,S33a1131,"Adapting",S33a,S33a1131
MOVE,S33a1131,"Hard Way",S33a,S33a11312
KEEP,S33a1141,"Day Rush",S33a,S33a1141
MOVE,S33a1141,"Two Wheeler",S33a,S33a11412
KEEP,S33a1151,"Dialogs",S33a,S33a1151
MOVE,S33a1151,"Story Of Parents",S33a,S33a11512
KEEP,S33a1161,"Gold",S33a,S33a1161
MOVE,S33a1161,"Another Sunny Day",S33a,S33a11612
KEEP,S33a1171,"I Like It",S33a,S33a1171
MOVE,S33a1171,"Strange Ways",S33a,S33a11712
KEEP,S33a1181,"Links",S33a,S33a1181
MOVE,S33a1181,"The Land",S33a,S33a11812
KEEP,S33a1191,"Maps",S33a,S33a1191
MOVE,S33a1191,"Seven Doors",S33a,S33a11912
KEEP,S33a1201,"Pictures",S33a,S33a1201
MOVE,S33a1201,"Take The Wheel",S33a,S33a12013
KEEP,S33a1211,"Small Chamber",S33a,S33a1211
MOVE,S33a1211,"The Pursuit",S33a,S33a12113
KEEP,S33a1221,"Bricks",S33a,S33a1221
MOVE,S33a1221,"Hard Mode",S33a,S33a12213
KEEP,S33a1231,"Clear",S33a,S33a1231
MOVE,S33a1231,"Dance Dress",S33a,S33a12313
KEEP,S33a1241,"Envelopes",S33a,S33a1241
MOVE,S33a1241,"Ice Dance",S33a,S33a12413
KEEP,S33a1251,"Hang Around",S33a,S33a1251
MOVE,S33a1251,"Running Machines",S33a,S33a12513
KEEP,S33a1261,"Lets Talk",S33a,S33a1261
MOVE,S33a1261,"Night Dream",S33a,S33a12613
KEEP,S33a1271,"Market",S33a,S33a1271
MOVE,S33a1271,"Soft Souls",S33a,S33a12713
KEEP,S33a1281,"Open Season",S33a,S33a1281
MOVE,S33a1281,"New Journey",S33a,S33a12813
KEEP,S33a1291,"Projects",S33a,S33a1291
MOVE,S33a1291,"All Coming Back",S33a,S33a12913
KEEP,S33a1301,"Rivers",S33a,S33a1301
MOVE,S33a1301,"Heavy Parking",S33a,S33a13013
KEEP,S33a1311,"Rockers",S33a,S33a1311
MOVE,S33a1311,"Child Memories",S33a,S33a13113
KEEP,S33a1321,"Somewhere",S33a,S33a1321
MOVE,S33a1321,"Good News Bad News",S33a,S33a13213
KEEP,S33a1331,"Steps",S33a,S33a1331
MOVE,S33a1331,"The Ranger",S33a,S33a13313
KEEP,S33a1341,"Travels",S33a,S33a1341
MOVE,S33a1341,"Sideways Street",S33a,S33a13413
KEEP,S33a1351,"Upscale",S33a,S33a1351
MOVE,S33a1351,"Power Ride",S33a,S33a13513
KEEP,S33a1361,"All Sides",S33a,S33a1361
MOVE,S33a1361,"Double Machine",S33a,S33a13613
KEEP,S33a1371,"Assistant",S33a,S33a1371
MOVE,S33a1371,"Catch The News",S33a,S33a13713
KEEP,S33a1381,"Ban",S33a,S33a1381
MOVE,S33a1381,"Get Your Hats",S33a,S33a13813
KEEP,S33a1391,"Displayfull",S33a,S33a1391
MOVE,S33a1391,"The Trail",S33a,S33a13913
KEEP,S33a1401,"Division",S33a,S33a1401
MOVE,S33a1401,"Margin Of Error",S33a,S33a14013
KEEP,S33a1411,"Everything",S33a,S33a1411
MOVE,S33a1411,"Mean Streak",S33a,S33a14113
KEEP,S33a1421,"Evidence",S33a,S33a1421
MOVE,S33a1421,"Dismiss Him",S33a,S33a14213
KEEP,S33a1431,"Fight",S33a,S33a1431
MOVE,S33a1431,"People Here",S33a,S33a14313
KEEP,S33a1441,"Freedom",S33a,S33a1441
MOVE,S33a1441,"Strange Minds",S33a,S33a14413
KEEP,S33a1451,"In Any Case",S33a,S33a1451
MOVE,S33a1451,"Beneath The Skin",S33a,S33a14513
KEEP,S33a1461,"Inking",S33a,S33a1461
MOVE,S33a1461,"Melancholic Heart",S33a,S33a14613
KEEP,S33a1471,"Landmark",S33a,S33a1471
MOVE,S33a1471,"The Match",S33a,S33a14713
KEEP,S33a1481,"Long Tie",S33a,S33a1481
MOVE,S33a1481,"New Study",S33a,S33a14813
KEEP,S33a1491,"Persona",S33a,S33a1491
MOVE,S33a1491,"Different Thing",S33a,S33a14913
KEEP,S33a1501,"Power",S33a,S33a1501
MOVE,S33a1501,"Coming From It",S33a,S33a15013
KEEP,S33a1511,"Progression",S33a,S33a1511
MOVE,S33a1511,"White Snow",S33a,S33a15113
KEEP,S33a1521,"Providers",S33a,S33a1521
MOVE,S33a1521,"Another Way",S33a,S33a15213
KEEP,S33a1531,"Respect It",S33a,S33a1531
MOVE,S33a1531,"We Need It",S33a,S33a15313
KEEP,S33a1541,"Shift",S33a,S33a1541
MOVE,S33a1541,"Crystal Screwballs",S33a,S33a15413
KEEP,S33a1551,"Shock 3",S33a,S33a1551
MOVE,S33a1551,"Classic Parade",S33a,S33a15513
KEEP,S33a1561,"Storm",S33a,S33a1561
MOVE,S33a1561,"Military Drill",S33a,S33a15613
KEEP,S33a1571,"Wiretap",S33a,S33a1571
MOVE,S33a1571,"As The Story Goes",S33a,S33a15713
KEEP,S33a1581,"Storm 2",S33a,S33a1581
MOVE,S33a1581,"Hot Flames",S33a,S33a15813
KEEP,S33a1591,"Test",S33a,S33a1591
MOVE,S33a1591,"Paid Dealer",S33a,S33a15913
KEEP,S33a1601,"Wide Doors",S33a,S33a1601
MOVE,S33a1601,"Divided Powers",S33a,S33a16013
KEEP,S33a1611,"Winds",S33a,S33a1611
MOVE,S33a1611,"Cold Drink",S33a,S33a16113
KEEP,S33a1621,"Smile",S33a,S33a1621
MOVE,S33a1621,"Next Adventure",S33a,S33a16213
KEEP,S33a1631,"Supporters",S33a,S33a1631
MOVE,S33a1631,"Need Time",S33a,S33a16313
KEEP,S33a1641,"University",S33a,S33a1641
MOVE,S33a1641,"News Of The Show",S33a,S33a16413
KEEP,S33a1651,"Build It Up",S33a,S33a1651
MOVE,S33a1651,"Lips Tips",S33a,S33a16513
KEEP,S33a1661,"Fake",S33a,S33a1661
MOVE,S33a1661,"Dressed And Ready",S33a,S33a16613
KEEP,S33a1671,"Keep It 2",S33a,S33a1671
MOVE,S33a1671,"Polo Field",S33a,S33a16713
KEEP,S33a1681,"Love Is Dead",S33a,S33a1681
MOVE,S33a1681,"Still Accurate",S33a,S33a16813
KEEP,S33a1691,"Navy",S33a,S33a1691
MOVE,S33a1691,"Fun Walk",S33a,S33a16913
KEEP,S33a1701,"Phone Booth",S33a,S33a1701
MOVE,S33a1701,"Cruisin' Downtown",S33a,S33a17013
KEEP,S33a1711,"Shadows",S33a,S33a1711
MOVE,S33a1711,"Dream Storms",S33a,S33a17113
KEEP,S33a1721,"About Lane",S33a,S33a1721
MOVE,S33a1721,"Creative Dances",S33a,S33a17213
KEEP,S33a1731,"Big Open",S33a,S33a1731
MOVE,S33a1731,"The Death Experts",S33a,S33a17313
KEEP,S33a1741,"Color Lights",S33a,S33a1741
MOVE,S33a1741,"Floating Balloons",S33a,S33a17413
KEEP,S33a1751,"Creation",S33a,S33a1751
MOVE,S33a1751,"Let It Rush",S33a,S33a17513
KEEP,S33a1761,"Emotions",S33a,S33a1761
MOVE,S33a1761,"Pop Moves",S33a,S33a17613
KEEP,S33a1771,"Features",S33a,S33a1771
MOVE,S33a1771,"Tense Remarks",S33a,S33a17713
KEEP,S33a1781,"Midnight Wait",S33a,S33a1781
MOVE,S33a1781,"Like A Can",S33a,S33a17813
KEEP,S33a1791,"Selected",S33a,S33a1791
MOVE,S33a1791,"Three Pictures",S33a,S33a17913
KEEP,S33a1801,"Amazing Place",S33a,S33a1801
MOVE,S33a1801,"Ocean Boulevard",S33a,S33a18013
KEEP,S33a1811,"Better Place",S33a,S33a1811
MOVE,S33a1811,"Fields Of Dirt",S33a,S33a18113
KEEP,S33a1821,"Crazy People",S33a,S33a1821
MOVE,S33a1821,"Recreational Road",S33a,S33a18213
KEEP,S33a1831,"Dealing With Them",S33a,S33a1831
MOVE,S33a1831,"All Day Ride",S33a,S33a18313
KEEP,S33a1841,"Meeting Them",S33a,S33a1841
MOVE,S33a1841,"Turn On",S33a,S33a18413
KEEP,S33a1851,"Nice To Meet You",S33a,S33a1851
MOVE,S33a1851,"Inside Fast Ball",S33a,S33a18513
KEEP,S33a1861,"Nice Weather",S33a,S33a1861
MOVE,S33a1861,"March Of Factories",S33a,S33a18613
KEEP,S33a1871,"One More Time 2",S33a,S33a1871
MOVE,S33a1871,"Room Windows",S33a,S33a18713
KEEP,S33a1901,"Big Jeans",S33a,S33a1901
MOVE,S33a1901,"Pearl Earrings",S33a,S33a19013
KEEP,S33a1921,"Boom Boxes",S33a,S33a1921
MOVE,S33a1921,"Got To Escape",S33a,S33a19213
KEEP,S33a1931,"Dirtier Road",S33a,S33a1931
MOVE,S33a1931,"Fiddle In The Middle",S33a,S33a19313
KEEP,S33a1941,"Acting Cool",S33a,S33a1941
MOVE,S33a1941,"Home Toys",S33a,S33a19413
KEEP,S33a1951,"All Fits Perfect",S33a,S33a1951
MOVE,S33a1951,"Big Deal",S33a,S33a19513
KEEP,S33a1961,"All Out",S33a,S33a1961
MOVE,S33a1961,"The Hive Mind",S33a,S33a19613
KEEP,S33a1971,"Away From Home 2",S33a,S33a1971
MOVE,S33a1971,"Nice Comments",S33a,S33a19713
KEEP,S33a1981,"Big Decision",S33a,S33a1981
MOVE,S33a1981,"Heavy Dancer",S33a,S33a19813
KEEP,S33a1991,"Calmer Weather",S33a,S33a1991
MOVE,S33a1991,"Vulnerable",S33a,S33a19913
KEEP,S33a2001,"Fancy Clothes",S33a,S33a2001
MOVE,S33a2001,"Drunk And Crazy",S33a,S33a20013
KEEP,S33a2011,"Far Lands",S33a,S33a2011
MOVE,S33a2011,"Tattooed Arms",S33a,S33a20113
KEEP,S33a2021,"Football",S33a,S33a2021
MOVE,S33a2021,"Get A Life",S33a,S33a20213
KEEP,S33a2041,"Phone Numbers",S33a,S33a2041
MOVE,S33a2041,"Gone Far Away",S33a,S33a20413
KEEP,S33a2051,"Short Talk",S33a,S33a2051
MOVE,S33a2051,"All Said That",S33a,S33a20513
KEEP,S33a2091,"Winners",S33a,S33a2091
MOVE,S33a2091,"Friendly Thing",S33a,S33a20913
KEEP,S33a2102,"Activities",S33a,S33a2102
MOVE,S33a2102,"Get Him",S33a,S33a21023
KEEP,S33a2111,"Alerts",S33a,S33a2111
MOVE,S33a2111,"Come In Now",S33a,S33a21113
KEEP,S33a2121,"Big Box",S33a,S33a2121
MOVE,S33a2121,"We Are Celebrating",S33a,S33a21213
KEEP,S33a2131,"Broken Puppets",S33a,S33a2131
MOVE,S33a2131,"Overloaded",S33a,S33a21313
KEEP,S33a2141,"Caution 2",S33a,S33a2141
MOVE,S33a2141,"Ignition Keys",S33a,S33a21413
KEEP,S33a2151,"Circles 2",S33a,S33a2151
MOVE,S33a2151,"How Am I Wrong?",S33a,S33a21513
KEEP,S33a2161,"Committee",S33a,S33a2161
MOVE,S33a2161,"So Honest",S33a,S33a21613
KEEP,S33a2172,"Dew Point",S33a,S33a2172
MOVE,S33a2172,"Gonna Happen",S33a,S33a21723
KEEP,S33a2181,"Fiction",S33a,S33a2181
MOVE,S33a2181,"So Not Happy",S33a,S33a21813
KEEP,S33a2191,"Gasp",S33a,S33a2191
MOVE,S33a2191,"Better Be Ready Now",S33a,S33a21913
KEEP,S33a2201,"Hazards",S33a,S33a2201
MOVE,S33a2201,"Text Messages",S33a,S33a22013
KEEP,S33a2211,"Hooked",S33a,S33a2211
MOVE,S33a2211,"Next To You",S33a,S33a22113
KEEP,S33a2221,"Memories 2",S33a,S33a2221
MOVE,S33a2221,"Old Days Parts",S33a,S33a22213
KEEP,S33a2231,"Motion 2",S33a,S33a2231
MOVE,S33a2231,"Hop On",S33a,S33a22313
KEEP,S33a2241,"Reports",S33a,S33a2241
MOVE,S33a2241,"Welcome Back",S33a,S33a22413
KEEP,S33a2251,"Radar",S33a,S33a2251
MOVE,S33a2251,"Their Stories",S33a,S33a22513
KEEP,S33a2261,"Small Town",S33a,S33a2261
MOVE,S33a2261,"Chances Of Winning",S33a,S33a22613
KEEP,S33a2271,"Source",S33a,S33a2271
MOVE,S33a2271,"Nice Chat",S33a,S33a22713
KEEP,S33a2281,"Admission",S33a,S33a2281
MOVE,S33a2281,"Get Them All",S33a,S33a22813
KEEP,S33a2291,"Cards",S33a,S33a2291
MOVE,S33a2291,"The Pumping Pumps",S33a,S33a22913
KEEP,S33a2301,"Employee",S33a,S33a2301
MOVE,S33a2301,"Iron Women",S33a,S33a23013
KEEP,S33a2311,"Jungle 2",S33a,S33a2311
MOVE,S33a2311,"Summer Toolkits",S33a,S33a23113
KEEP,S33a2321,"Leaves",S33a,S33a2321
MOVE,S33a2321,"Offenders",S33a,S33a23213
KEEP,S33a2331,"Privilege",S33a,S33a2331
MOVE,S33a2331,"Closer To Her",S33a,S33a23313
KEEP,S33a2341,"Sheriff",S33a,S33a2341
MOVE,S33a2341,"The Plot",S33a,S33a23413
KEEP,S33a2351,"Slower",S33a,S33a2351
MOVE,S33a2351,"In The Wood",S33a,S33a23513
KEEP,S33a2361,"Testimony",S33a,S33a2361
MOVE,S33a2361,"Real Patriots",S33a,S33a23613
KEEP,S33a2371,"Time 2",S33a,S33a2371
MOVE,S33a2371,"Year Earlier",S33a,S33a23713
KEEP,S33a2381,"Bridge",S33a,S33a2381
MOVE,S33a2381,"Not A Game",S33a,S33a23813
KEEP,S33a2391,"Ice Cream",S33a,S33a2391
MOVE,S33a2391,"Few Sentences",S33a,S33a23913
KEEP,S33a2401,"Rooms",S33a,S33a2401
MOVE,S33a2401,"These Smiles",S33a,S33a24013
KEEP,S33a2411,"Amp",S33a,S33a2411
MOVE,S33a2411,"Gone Missing",S33a,S33a24113
KEEP,S33a2421,"Cake",S33a,S33a2421
MOVE,S33a2421,"Run The Night",S33a,S33a24213
KEEP,S33a2431,"Choice",S33a,S33a2431
MOVE,S33a2431,"Fine Bottom Line",S33a,S33a24313
KEEP,S33a2441,"Ages",S33a,S33a2441
MOVE,S33a2441,"Room Of Lights",S33a,S33a24413
KEEP,S33a2451,"Birdie",S33a,S33a2451
MOVE,S33a2451,"Almost There Now",S33a,S33a24513
KEEP,S33a2461,"Brick",S33a,S33a2461
MOVE,S33a2461,"Pleasure To See You",S33a,S33a24613
KEEP,S33a2471,"Cabin",S33a,S33a2471
MOVE,S33a2471,"Be Here",S33a,S33a24713
KEEP,S33a2481,"Clouds",S33a,S33a2481
MOVE,S33a2481,"Time To Decide On",S33a,S33a24813
KEEP,S33a2491,"Clue",S33a,S33a2491
MOVE,S33a2491,"All The Times",S33a,S33a24913
KEEP,S33a2501,"Dates",S33a,S33a2501
MOVE,S33a2501,"Get Your Hands Up",S33a,S33a25013
KEEP,S33a2511,"Dew",S33a,S33a2511
MOVE,S33a2511,"This City",S33a,S33a25113
KEEP,S33a2521,"Distance",S33a,S33a2521
MOVE,S33a2521,"In The Dark Moment",S33a,S33a25213
KEEP,S33a2531,"Doors",S33a,S33a2531
MOVE,S33a2531,"Spinning Up",S33a,S33a25313
KEEP,S33a2541,"Duet",S33a,S33a2541
MOVE,S33a2541,"It Is A Test",S33a,S33a25413
KEEP,S33a2551,"Edge",S33a,S33a2551
MOVE,S33a2551,"This Place Is Running",S33a,S33a25513
KEEP,S33a2561,"Exits",S33a,S33a2561
MOVE,S33a2561,"I Can",S33a,S33a25613
KEEP,S33a2571,"Fields",S33a,S33a2571
MOVE,S33a2571,"Take On Me",S33a,S33a25713
KEEP,S33a2581,"Fight 2",S33a,S33a2581
MOVE,S33a2581,"Like A War",S33a,S33a25813
KEEP,S33a2591,"Freeway 2",S33a,S33a2591
MOVE,S33a2591,"Along The Road",S33a,S33a25913
KEEP,S33a2601,"Glass",S33a,S33a2601
MOVE,S33a2601,"Creators",S33a,S33a26013
KEEP,S33a2611,"Great River",S33a,S33a2611
MOVE,S33a2611,"More Of Something",S33a,S33a26113
KEEP,S33a2621,"Group",S33a,S33a2621
MOVE,S33a2621,"I Just Wanna Have Fun",S33a,S33a26213
KEEP,S33a2631,"Hell Canyon",S33a,S33a2631
MOVE,S33a2631,"Who She Is",S33a,S33a26313
KEEP,S33a2641,"Homes",S33a,S33a2641
MOVE,S33a2641,"Critical Training",S33a,S33a26413
KEEP,S33a2651,"Interstate",S33a,S33a2651
MOVE,S33a2651,"My Discipline",S33a,S33a26513
KEEP,S33a2661,"Interview",S33a,S33a2661
MOVE,S33a2661,"My Best Friends",S33a,S33a26613
KEEP,S33a2671,"Investment",S33a,S33a2671
MOVE,S33a2671,"Look Back Again",S33a,S33a26713
KEEP,S33a2681,"Jets",S33a,S33a2681
MOVE,S33a2681,"Walking Out",S33a,S33a26813
KEEP,S33a2691,"Mission",S33a,S33a2691
MOVE,S33a2691,"Ten PM",S33a,S33a26913
KEEP,S33a2701,"Neon",S33a,S33a2701
MOVE,S33a2701,"So Much To Ask",S33a,S33a27013
KEEP,S33a2711,"Pacific Highway",S33a,S33a2711
MOVE,S33a2711,"All Covered Up",S33a,S33a27113
KEEP,S33a2721,"Passenger",S33a,S33a2721
MOVE,S33a2721,"Local Crimes",S33a,S33a27213
KEEP,S33a2731,"Pathway",S33a,S33a2731
MOVE,S33a2731,"More In There",S33a,S33a27313
KEEP,S33a2741,"Push",S33a,S33a2741
MOVE,S33a2741,"Strange Motions",S33a,S33a27413
KEEP,S33a2751,"Rebound",S33a,S33a2751
MOVE,S33a2751,"Packs Of Matches",S33a,S33a27513
KEEP,S33a2761,"Reminder",S33a,S33a2761
MOVE,S33a2761,"Uniquely Distinctive",S33a,S33a27613
KEEP,S33a2771,"Reshoot",S33a,S33a2771
MOVE,S33a2771,"Time To Think About It",S33a,S33a27713
KEEP,S33a2781,"Review",S33a,S33a2781
MOVE,S33a2781,"Show Us Around",S33a,S33a27813
KEEP,S33a2791,"Ridge",S33a,S33a2791
MOVE,S33a2791,"Now Look At That",S33a,S33a27913
KEEP,S33a2821,"State Route",S33a,S33a2821
MOVE,S33a2821,"Dance Spirit",S33a,S33a28213
KEEP,S33a2831,"Statement",S33a,S33a2831
MOVE,S33a2831,"Lessons To Learn",S33a,S33a28313
KEEP,S33a2841,"Stock",S33a,S33a2841
MOVE,S33a2841,"Said End Done",S33a,S33a28413
KEEP,S33a2851,"Street",S33a,S33a2851
MOVE,S33a2851,"Transport Me",S33a,S33a28513
KEEP,S33a2861,"Teaser",S33a,S33a2861
MOVE,S33a2861,"Predict The Future",S33a,S33a28613
KEEP,S33a2871,"Time Zone",S33a,S33a2871
MOVE,S33a2871,"Five Levels",S33a,S33a28713
KEEP,S33a2881,"Tracks",S33a,S33a2881
MOVE,S33a2881,"Complicated Tasks",S33a,S33a28813
KEEP,S33a2891,"Trail Ridge",S33a,S33a2891
MOVE,S33a2891,"Outside And Inside",S33a,S33a28913
KEEP,S33a2901,"Trailer",S33a,S33a2901
MOVE,S33a2901,"From Home Town",S33a,S33a29013
KEEP,S33a2911,"Trucks",S33a,S33a2911
MOVE,S33a2911,"She Sneaked In",S33a,S33a29113
KEEP,S33a2921,"Turns",S33a,S33a2921
MOVE,S33a2921,"Wired Like This",S33a,S33a29213
KEEP,S33a2931,"Tweets",S33a,S33a2931
MOVE,S33a2931,"In The Box",S33a,S33a29313
KEEP,S33a2941,"View",S33a,S33a2941
MOVE,S33a2941,"Welcome Back Again",S33a,S33a29413
KEEP,S33a2951,"Visits",S33a,S33a2951
MOVE,S33a2951,"We Should Do It",S33a,S33a29513
KEEP,S33a2961,"Weeks",S33a,S33a2961
MOVE,S33a2961,"Fun Like This",S33a,S33a29613
KEEP,S33a2971,"Wheels 2",S33a,S33a2971
MOVE,S33a2971,"Whispering Shadows",S33a,S33a29713
KEEP,S33a2981,"Wilde Road",S33a,S33a2981
MOVE,S33a2981,"Investigation Riser",S33a,S33a29813
KEEP,S33a2991,"Wind",S33a,S33a2991
MOVE,S33a2991,"The Information",S33a,S33a29913
KEEP,S33a3001,"Window",S33a,S33a3001
MOVE,S33a3001,"Midnight Rendezvous",S33a,S33a30013
KEEP,S33a3011,"Wine",S33a,S33a3011
MOVE,S33a3011,"Sly Moves",S33a,S33a30113
KEEP,S33a3021,"Wizards",S33a,S33a3021
MOVE,S33a3021,"Keep It Secret",S33a,S33a30213
KEEP,S33a3031,"Band",S33a,S33a3031
MOVE,S33a3031,"Questions At That Point",S33a,S33a30313
KEEP,S33a3042,"Coaches",S33a,S33a3042
MOVE,S33a3042,"Different Shapes",S33a,S33a30423
KEEP,S33a3052,"Edition",S33a,S33a3052
MOVE,S33a3052,"All Nicknames",S33a,S33a30523
KEEP,S33a3062,"Friends",S33a,S33a3062
MOVE,S33a3062,"Wanderlust 2",S33a,S33a30623
KEEP,S33a3072,"Playlist",S33a,S33a3072
MOVE,S33a3072,"Best Believe It",S33a,S33a30723
KEEP,S33a3082,"All Night",S33a,S33a3082
MOVE,S33a3082,"Become Strong",S33a,S33a30823
KEEP,S33a3092,"Coming Home 2",S33a,S33a3092
MOVE,S33a3092,"On Point",S33a,S33a30923
KEEP,S33a3102,"Jump In 2",S33a,S33a3102
MOVE,S33a3102,"Just A File",S33a,S33a31023
KEEP,S33a3112,"The Passenger",S33a,S33a3112
MOVE,S33a3112,"Street Driver",S33a,S33a31123
KEEP,S33a3122,"Place To Go",S33a,S33a3122
MOVE,S33a3122,"Highway Strangers",S33a,S33a31223
KEEP,S33a3132,"Silver Earring",S33a,S33a3132
MOVE,S33a3132,"Sizzle 2",S33a,S33a31323
KEEP,S33a3142,"Bitter Wine",S33a,S33a3142
MOVE,S33a3142,"Get To Be There",S33a,S33a31423
KEEP,S33a3152,"Blazer",S33a,S33a3152
MOVE,S33a3152,"Chain Links",S33a,S33a31523
KEEP,S33a3162,"Clearview",S33a,S33a3162
MOVE,S33a3162,"Reign Of The Drama",S33a,S33a31623
KEEP,S33a3172,"Feeling Free",S33a,S33a3172
MOVE,S33a3172,"Hidden Behind",S33a,S33a31723
KEEP,S33a3182,"Flip",S33a,S33a3182
MOVE,S33a3182,"Bounces",S33a,S33a31823
KEEP,S33a3192,"Four Wheels",S33a,S33a3192
MOVE,S33a3192,"Unstoppable Trains",S33a,S33a31923
KEEP,S33a3202,"Full Fork",S33a,S33a3202
MOVE,S33a3202,"Getting There Fast",S33a,S33a32023
KEEP,S33a3212,"In Deep",S33a,S33a3212
MOVE,S33a3212,"Electro Fury",S33a,S33a32123
KEEP,S33a3222,"Queens Avenue",S33a,S33a3222
MOVE,S33a3222,"Neon Beams",S33a,S33a32223
KEEP,S33a3232,"Release",S33a,S33a3232
MOVE,S33a3232,"Twilight Bar",S33a,S33a32323
KEEP,S33a3242,"Small Case",S33a,S33a3242
MOVE,S33a3242,"Strong Going",S33a,S33a32423
KEEP,S33a3252,"Sneaker",S33a,S33a3252
MOVE,S33a3252,"Toughness",S33a,S33a32523
KEEP,S33a3262,"Sweepstakes",S33a,S33a3262
MOVE,S33a3262,"Confessions 2",S33a,S33a32623
KEEP,S33a3272,"Two Cups",S33a,S33a3272
MOVE,S33a3272,"Murder Express",S33a,S33a32723
KEEP,S33a3282,"Until Late",S33a,S33a3282
MOVE,S33a3282,"Lost In Curves",S33a,S33a32823
KEEP,S33a3292,"Walker",S33a,S33a3292
MOVE,S33a3292,"Wild And Free",S33a,S33a32923
KEEP,S33a3302,"Coast Houses",S33a,S33a3302
MOVE,S33a3302,"Dreams And Deals",S33a,S33a33023
KEEP,S33a3312,"Designers",S33a,S33a3312
MOVE,S33a3312,"I Got It Now",S33a,S33a33123
KEEP,S33a3322,"Slow Hands",S33a,S33a3322
MOVE,S33a3322,"Self Discovery",S33a,S33a33223
KEEP,S33a3332,"Autumn 2",S33a,S33a3332
MOVE,S33a3332,"Unwavering Resolve 2",S33a,S33a33323
KEEP,S33a3342,"Empty Seats",S33a,S33a3342
MOVE,S33a3342,"The Signature",S33a,S33a33423
KEEP,S33a3352,"Bank Account",S33a,S33a3352
MOVE,S33a3352,"Eclectic Touch",S33a,S33a33523
KEEP,S33a3362,"Coast Winds",S33a,S33a3362
MOVE,S33a3362,"Was A Good Run",S33a,S33a33623
KEEP,S33a3372,"Loop Holes",S33a,S33a3372
MOVE,S33a3372,"On The Line 2",S33a,S33a33723
KEEP,S33a3382,"Alive",S33a,S33a3382
MOVE,S33a3382,"Town Deception",S33a,S33a33823
KEEP,S33a3392,"Barefeet",S33a,S33a3392
MOVE,S33a3392,"Take Flight 2",S33a,S33a33923
KEEP,S33a3402,"Big Signs",S33a,S33a3402
MOVE,S33a3402,"By Night",S33a,S33a34023
KEEP,S33a3412,"Blue Fever",S33a,S33a3412
MOVE,S33a3412,"Nightmares Illuminate",S33a,S33a34123
KEEP,S33a3422,"Brick Blocks",S33a,S33a3422
MOVE,S33a3422,"Final Justice",S33a,S33a34223
KEEP,S33a3432,"Bricks 2",S33a,S33a3432
MOVE,S33a3432,"On My Last",S33a,S33a34323
KEEP,S33a3442,"Builders",S33a,S33a3442
MOVE,S33a3442,"He Knew",S33a,S33a34423
KEEP,S33a3452,"Buildings",S33a,S33a3452
MOVE,S33a3452,"Crazy In The Lights",S33a,S33a34523
KEEP,S33a3462,"Car Stereo",S33a,S33a3462
MOVE,S33a3462,"Good For All",S33a,S33a34623
KEEP,S33a3472,"Close Up",S33a,S33a3472
MOVE,S33a3472,"Nice Sunrise",S33a,S33a34723
KEEP,S33a3482,"Double Line",S33a,S33a3482
MOVE,S33a3482,"Melodic Breeze",S33a,S33a34823
KEEP,S33a3492,"Found It 2",S33a,S33a3492
MOVE,S33a3492,"Solid Days",S33a,S33a34923
KEEP,S33a3502,"Future",S33a,S33a3502
MOVE,S33a3502,"Asked Fast",S33a,S33a35023
KEEP,S33a3512,"Gangs",S33a,S33a3512
MOVE,S33a3512,"That Scene",S33a,S33a35123
KEEP,S33a3522,"Going Down",S33a,S33a3522
MOVE,S33a3522,"Pull Up 3",S33a,S33a35223
KEEP,S33a3532,"In Time",S33a,S33a3532
MOVE,S33a3532,"And Want It",S33a,S33a35323
KEEP,S33a3542,"Joe",S33a,S33a3542
MOVE,S33a3542,"All And Nothing",S33a,S33a35423
KEEP,S33a3552,"Landing Hard",S33a,S33a3552
MOVE,S33a3552,"Files Not Found",S33a,S33a35523
KEEP,S33a3562,"Long Road 2",S33a,S33a3562
MOVE,S33a3562,"At That Point",S33a,S33a35623
KEEP,S33a3572,"Look Out",S33a,S33a3572
MOVE,S33a3572,"Eat It",S33a,S33a35723
KEEP,S33a3582,"Loose Shoes",S33a,S33a3582
MOVE,S33a3582,"Gonna Take A Shot",S33a,S33a35823
KEEP,S33a3592,"Moving On",S33a,S33a3592
MOVE,S33a3592,"Far Gone",S33a,S33a35924
KEEP,S33a3602,"One More",S33a,S33a3602
MOVE,S33a3602,"Velvet Bliss",S33a,S33a36024
KEEP,S33a3612,"Starters",S33a,S33a3612
MOVE,S33a3612,"Strange Foothills",S33a,S33a36124
KEEP,S33a3622,"Steering Up",S33a,S33a3622
MOVE,S33a3622,"In This Room",S33a,S33a36224
KEEP,S33a3632,"Stopper",S33a,S33a3632
MOVE,S33a3632,"Our Short History",S33a,S33a36324
KEEP,S33a3642,"Their Prime",S33a,S33a3642
MOVE,S33a3642,"Very Tricky Steps",S33a,S33a36424
KEEP,S33a3652,"Toy Car",S33a,S33a3652
MOVE,S33a3652,"Step To Step",S33a,S33a36524
KEEP,S33a3662,"Two Faces",S33a,S33a3662
MOVE,S33a3662,"Strong Love",S33a,S33a36624
KEEP,S33a3672,"Walk Here",S33a,S33a3672
MOVE,S33a3672,"Slow Echos",S33a,S33a36724
KEEP,S33a3682,"West Palm",S33a,S33a3682
MOVE,S33a3682,"Slowly Stepping In",S33a,S33a36824
KEEP,S33a3692,"Wet Roads",S33a,S33a3692
MOVE,S33a3692,"Damned Riffs",S33a,S33a36924
KEEP,S33a3702,"Antique",S33a,S33a3702
MOVE,S33a3702,"Another Person Here",S33a,S33a37024
KEEP,S33a3712,"Buttons",S33a,S33a3712
MOVE,S33a3712,"All As Yesterday",S33a,S33a37124
KEEP,S33a3722,"Lights",S33a,S33a3722
MOVE,S33a3722,"Few Years Of Dark",S33a,S33a37224
KEEP,S33a3732,"Old Pictures",S33a,S33a3732
MOVE,S33a3732,"Just A Street",S33a,S33a37324
KEEP,S33a3742,"Piles",S33a,S33a3742
MOVE,S33a3742,"New To Push It",S33a,S33a37424
KEEP,S33a3752,"Relics",S33a,S33a3752
MOVE,S33a3752,"Blinking Beauties",S33a,S33a37524
KEEP,S33a3762,"Stories",S33a,S33a3762
MOVE,S33a3762,"After The Fall",S33a,S33a37624
KEEP,S33a3772,"Things",S33a,S33a3772
MOVE,S33a3772,"Certain Bits",S33a,S33a37724
KEEP,S33a3782,"Baby Elephant",S33a,S33a3782
MOVE,S33a3782,"Road In The Back",S33a,S33a37824
KEEP,S33a3792,"Presentation",S33a,S33a3792
MOVE,S33a3792,"Benefits In The Dark",S33a,S33a37924
KEEP,S33a3802,"Street 2",S33a,S33a3802
MOVE,S33a3802,"Not Clear At All",S33a,S33a38024
KEEP,S33a3812,"Strike Up",S33a,S33a3812
MOVE,S33a3812,"Reckoning Face",S33a,S33a38124
KEEP,S33a3822,"Strong Men",S33a,S33a3822
MOVE,S33a3822,"Wild Day",S33a,S33a38224
KEEP,S33a3832,"Memory Toys",S33a,S33a3832
MOVE,S33a3832,"Every One Mile",S33a,S33a38324
KEEP,S33a3842,"New Adventures",S33a,S33a3842
MOVE,S33a3842,"Stand Up Man",S33a,S33a38424
KEEP,S33a3852,"Old Pictures 2",S33a,S33a3852
MOVE,S33a3852,"Faking Making",S33a,S33a38524
KEEP,S33a3862,"Round Tables",S33a,S33a3862
MOVE,S33a3862,"So Much Sun",S33a,S33a38624
KEEP,S33a3872,"Walking Distance",S33a,S33a3872
MOVE,S33a3872,"While Walking",S33a,S33a38724
KEEP,S33a3882,"Chaser",S33a,S33a3882
MOVE,S33a3882,"The Documents Falling",S33a,S33a38824
KEEP,S33a3892,"Careful 3",S33a,S33a3892
MOVE,S33a3892,"Up Front",S33a,S33a38924
KEEP,S33a3902,"Fallen",S33a,S33a3902
MOVE,S33a3902,"Moon Night",S33a,S33a39024
KEEP,S33a3912,"Guns",S33a,S33a3912
MOVE,S33a3912,"Premium Gear",S33a,S33a39124
KEEP,S33a3922,"New Noise",S33a,S33a3922
MOVE,S33a3922,"Sandy Wheels",S33a,S33a39224
KEEP,S33a3932,"Protest",S33a,S33a3932
MOVE,S33a3932,"Greed And Gasoline",S33a,S33a39324
KEEP,S33a3942,"Trash 2",S33a,S33a3942
MOVE,S33a3942,"Options In Life",S33a,S33a39424
KEEP,S33a3952,"Bloom",S33a,S33a3952
MOVE,S33a3952,"Gone Through Life",S33a,S33a39524
KEEP,S33a3962,"Busier Day",S33a,S33a3962
MOVE,S33a3962,"Walk The Streets",S33a,S33a39624
KEEP,S33a3972,"Cups",S33a,S33a3972
MOVE,S33a3972,"Give Me Some Funk",S33a,S33a39724
KEEP,S33a3982,"Fun Logo",S33a,S33a3982
MOVE,S33a3982,"Fields Of Grass",S33a,S33a39824
KEEP,S33a3992,"Ready",S33a,S33a3992
MOVE,S33a3992,"Soul Room",S33a,S33a39924
KEEP,S33a4002,"Simple Plan",S33a,S33a4002
MOVE,S33a4002,"Coming Back Up",S33a,S33a40024
KEEP,S33a4012,"Slicker",S33a,S33a4012
MOVE,S33a4012,"Deployment Diaries",S33a,S33a40124
KEEP,S33a4022,"Cheeky Plum",S33a,S33a4022
MOVE,S33a4022,"Electronic Dreams",S33a,S33a40224
KEEP,S33a4032,"Club Chairs",S33a,S33a4032
MOVE,S33a4032,"Floppy Disks",S33a,S33a40324
KEEP,S33a4042,"Easy Now",S33a,S33a4042
MOVE,S33a4042,"Fun Filled Jaunt",S33a,S33a40424
KEEP,S33a4052,"Toys",S33a,S33a4052
MOVE,S33a4052,"Groove Nights",S33a,S33a40524
KEEP,S33a4062,"Trip",S33a,S33a4062
MOVE,S33a4062,"Important Things",S33a,S33a40624
KEEP,S33a4072,"Three Wheels",S33a,S33a4072
MOVE,S33a4072,"It Says Fun",S33a,S33a40724
KEEP,S33a4082,"Bike Shop",S33a,S33a4082
MOVE,S33a4082,"Lift It And Go",S33a,S33a40824
KEEP,S33a4092,"Bottles",S33a,S33a4092
MOVE,S33a4092,"My Morning Coffee",S33a,S33a40924
KEEP,S33a4102,"Danger",S33a,S33a4102
MOVE,S33a4102,"Night To Remember",S33a,S33a41024
KEEP,S33a4112,"Deputation",S33a,S33a4112
MOVE,S33a4112,"On The Top Again",S33a,S33a41124
KEEP,S33a4122,"Five Dollars",S33a,S33a4122
MOVE,S33a4122,"Pulse Of The City",S33a,S33a41224
KEEP,S33a4132,"Fresh Air",S33a,S33a4132
MOVE,S33a4132,"Reverie",S33a,S33a41324
KEEP,S33a4142,"Funny Guys",S33a,S33a4142
MOVE,S33a4142,"Stampeding",S33a,S33a41424
KEEP,S33a4152,"Metals",S33a,S33a4152
MOVE,S33a4152,"Gold Dust",S33a,S33a41524
KEEP,S33a4162,"Pearls",S33a,S33a4162
MOVE,S33a4162,"I Will Still Take It",S33a,S33a41624
KEEP,S33a4172,"Ports",S33a,S33a4172
MOVE,S33a4172,"Last Night Moves",S33a,S33a41724
KEEP,S33a4182,"Tables",S33a,S33a4182
MOVE,S33a4182,"Met My Friends",S33a,S33a41824
KEEP,S33a4192,"Twists",S33a,S33a4192
MOVE,S33a4192,"No Fear",S33a,S33a41924
KEEP,S33a4202,"Walking",S33a,S33a4202
MOVE,S33a4202,"Other Side",S33a,S33a42024
KEEP,S33a4212,"Wars",S33a,S33a4212
MOVE,S33a4212,"Riddle Me",S33a,S33a42124
KEEP,S33a4222,"With A Beat",S33a,S33a4222
MOVE,S33a4222,"Someone Locked It",S33a,S33a42224
KEEP,S33a4232,"Decisions",S33a,S33a4232
MOVE,S33a4232,"Sweet Evening",S33a,S33a42324
KEEP,S33a4242,"Drama Princess",S33a,S33a4242
MOVE,S33a4242,"This Amazing Feeling",S33a,S33a42424
KEEP,S33a4252,"Dreamatizer",S33a,S33a4252
MOVE,S33a4252,"Wanna Join",S33a,S33a42524
KEEP,S33a4262,"Harlem Band",S33a,S33a4262
MOVE,S33a4262,"The Best Night Ever",S33a,S33a42624
KEEP,S33a4272,"Hot Robbery",S33a,S33a4272
MOVE,S33a4272,"Bigger Things",S33a,S33a42724
KEEP,S33a4282,"Connection",S33a,S33a4282
MOVE,S33a4282,"Below Turn It Up",S33a,S33a42824
KEEP,S33a4292,"Escaped",S33a,S33a4292
MOVE,S33a4292,"Funny Sun",S33a,S33a42924
KEEP,S33a4302,"Far End",S33a,S33a4302
MOVE,S33a4302,"It Is A Strange Talk",S33a,S33a43024
KEEP,S33a4312,"Funky Pants",S33a,S33a4312
MOVE,S33a4312,"Flashpoints",S33a,S33a43124
KEEP,S33a4322,"Glass Cars",S33a,S33a4322
MOVE,S33a4322,"What The Problem Is",S33a,S33a43224
KEEP,S33a4332,"Green Papers",S33a,S33a4332
MOVE,S33a4332,"Eternal Summer",S33a,S33a43324
KEEP,S33a4342,"Happy Drive",S33a,S33a4342
MOVE,S33a4342,"With Ocean Waves",S33a,S33a43424
KEEP,S33a4352,"Instincts",S33a,S33a4352
MOVE,S33a4352,"Anomalies",S33a,S33a43524
KEEP,S33a4362,"Intro",S33a,S33a4362
MOVE,S33a4362,"Flickering Screens",S33a,S33a43624
KEEP,S33a4372,"Mess",S33a,S33a4372
MOVE,S33a4372,"No Errors",S33a,S33a43724
KEEP,S33a4382,"Nurses",S33a,S33a4382
MOVE,S33a4382,"Dancing With The Gales",S33a,S33a43824
KEEP,S33a4392,"Old Boxes",S33a,S33a4392
MOVE,S33a4392,"Laid Back Feel",S33a,S33a43924
KEEP,S33a4402,"Rocky Rockers",S33a,S33a4402
MOVE,S33a4402,"Arpometers",S33a,S33a44024
KEEP,S33a4412,"Soda",S33a,S33a4412
MOVE,S33a4412,"Horizons Unseen",S33a,S33a44124
KEEP,S33a4422,"Tall Windows",S33a,S33a4422
MOVE,S33a4422,"Living To Show Off",S33a,S33a44224
KEEP,S33a4432,"The Place",S33a,S33a4432
MOVE,S33a4432,"Lost In Quiet Pain",S33a,S33a44324
KEEP,S33a4492,"Capitol",S33a,S33a4492
MOVE,S33a4492,"Housed Secrets",S33a,S33a44924
KEEP,S33a4502,"Hurt",S33a,S33a4502
MOVE,S33a4502,"Dream Shimmer",S33a,S33a45024
KEEP,S33a4512,"Pained",S33a,S33a4512
MOVE,S33a4512,"Setting Hard",S33a,S33a45124
KEEP,S33a4522,"Pulsing",S33a,S33a4522
MOVE,S33a4522,"Try Remembering Those",S33a,S33a45224
KEEP,S33a4532,"Sea",S33a,S33a4532
MOVE,S33a4532,"In My New Shoes",S33a,S33a45324
KEEP,S33a4542,"Stay",S33a,S33a4542
MOVE,S33a4542,"Around Rivers",S33a,S33a45424
KEEP,S33a4552,"The Backyard",S33a,S33a4552
MOVE,S33a4552,"Gas Freestyle",S33a,S33a45524
KEEP,S33a4562,"The Bathroom",S33a,S33a4562
MOVE,S33a4562,"Dark Party Games",S33a,S33a45624
KEEP,S33a4572,"The Cells",S33a,S33a4572
MOVE,S33a4572,"Watch Them",S33a,S33a45724
KEEP,S33a4582,"The Basement",S33a,S33a4582
MOVE,S33a4582,"Hypnotize",S33a,S33a45824
KEEP,S33a4592,"The Garage",S33a,S33a4592
MOVE,S33a4592,"Party Republic",S33a,S33a45924
KEEP,S33a4602,"The Hallway",S33a,S33a4602
MOVE,S33a4602,"That Is Good",S33a,S33a46024
KEEP,S33a4612,"The Pool",S33a,S33a4612
MOVE,S33a4612,"Cosmic Dreams",S33a,S33a46124
KEEP,S33a4622,"The Roof",S33a,S33a4622
MOVE,S33a4622,"Urban Ghosts",S33a,S33a46224
KEEP,S33a4632,"The Rooms",S33a,S33a4632
MOVE,S33a4632,"Gathered Together",S33a,S33a46324
KEEP,S33a4642,"The Table",S33a,S33a4642
MOVE,S33a4642,"Running Mate",S33a,S33a46424
KEEP,S33a4652,"Votes",S33a,S33a4652
MOVE,S33a4652,"Trip To Arena",S33a,S33a46524
KEEP,S33a4662,"Lifes A Journey",S33a,S33a4662
MOVE,S33a4662,"Vibing Tonight",S33a,S33a46624
KEEP,S33a4672,"Toy Cars",S33a,S33a4672
MOVE,S33a4672,"Fun Wires And Words",S33a,S33a46724
KEEP,S33a4682,"Overboard",S33a,S33a4682
MOVE,S33a4682,"After Work Fun",S33a,S33a46824
KEEP,S33a4692,"Small Jobs",S33a,S33a4692
MOVE,S33a4692,"Big Drop Hits",S33a,S33a46924
KEEP,S33a4702,"Bulldogs",S33a,S33a4702
MOVE,S33a4702,"If Guilty",S33a,S33a47024
KEEP,S33a4712,"New Places",S33a,S33a4712
MOVE,S33a4712,"About To Start Actions",S33a,S33a47124
KEEP,S33a4722,"Roofs",S33a,S33a4722
MOVE,S33a4722,"Back To Good Old Swing",S33a,S33a47224
KEEP,S33a4732,"Old Stories",S33a,S33a4732
MOVE,S33a4732,"Between Stoplights",S33a,S33a47324
KEEP,S33a4742,"Sweet Beat",S33a,S33a4742
MOVE,S33a4742,"Hands Of Night",S33a,S33a47424
KEEP,S33a4752,"Unfazed",S33a,S33a4752
MOVE,S33a4752,"Counting Fault Lines",S33a,S33a47524
KEEP,S33a4762,"Awake",S33a,S33a4762
MOVE,S33a4762,"Tension Without End",S33a,S33a47624
KEEP,S33a4772,"Cherry Colors",S33a,S33a4772
MOVE,S33a4772,"Footfalls Of Restraint",S33a,S33a47724
KEEP,S33a4782,"High Tops",S33a,S33a4782
MOVE,S33a4782,"Letters To Who",S33a,S33a47824
KEEP,S33a4792,"All Access",S33a,S33a4792
MOVE,S33a4792,"Ticket To Wellness",S33a,S33a47924
KEEP,S33a4802,"Arriving",S33a,S33a4802
MOVE,S33a4802,"Rhythm Of These Nights",S33a,S33a48024
KEEP,S33a4812,"Backstage Pass",S33a,S33a4812
MOVE,S33a4812,"In My Big Pocket",S33a,S33a48124
KEEP,S33a4822,"Blue Trees",S33a,S33a4822
MOVE,S33a4822,"Ambient Dark Palm Vibes",S33a,S33a48224
KEEP,S33a4832,"Chicago Bars",S33a,S33a4832
MOVE,S33a4832,"Across The Distance",S33a,S33a48324
KEEP,S33a4842,"Chilling",S33a,S33a4842
MOVE,S33a4842,"Ending Tape Reels",S33a,S33a48424
KEEP,S33a4852,"Chronicals",S33a,S33a4852
MOVE,S33a4852,"Last Night On The Clock",S33a,S33a48524
KEEP,S33a4862,"City Walk",S33a,S33a4862
MOVE,S33a4862,"Rust On The Carousel",S33a,S33a48624
KEEP,S33a4872,"Decisions In Making",S33a,S33a4872
MOVE,S33a4872,"If You Think About It",S33a,S33a48724
KEEP,S60a1002,"In The Morning",S60a,S60a1002
MOVE,S60a1002,"Aurora Borealis",S60a,S60a10022
KEEP,S60a1012,"Jesus Freaks",S60a,S60a1012
MOVE,S60a1012,"Step Into The Sea",S60a,S60a10122
KEEP,S60a1022,"Jivin Girl",S60a,S60a1022
MOVE,S60a1022,"Tensity",S60a,S60a10222
KEEP,S60a1032,"LA Yazz",S60a,S60a1032
MOVE,S60a1032,"Seattle Rippin'",S60a,S60a10322
KEEP,S60a1042,"Left Behind",S60a,S60a1042
MOVE,S60a1042,"Basement Dweller",S60a,S60a10422
KEEP,S60a1052,"Looking For Alaska",S60a,S60a1052
MOVE,S60a1052,"Meeting Of The Mice",S60a,S60a10522
KEEP,S60a1062,"Lotta Fun",S60a,S60a1062
MOVE,S60a1062,"Pop Your Collar",S60a,S60a10622
KEEP,S60a1072,"Pluckety Pluck Pluck",S60a,S60a1072
MOVE,S60a1072,"Radio Guitars",S60a,S60a10722
KEEP,S60a1082,"Poor Jimmy",S60a,S60a1082
MOVE,S60a1082,"Show Me Your Love",S60a,S60a10822
KEEP,S60a1092,"Run For Cover 2",S60a,S60a1092
MOVE,S60a1092,"Animals Are Playing",S60a,S60a10922
KEEP,S60a1102,"Spy Games",S60a,S60a1102
MOVE,S60a1102,"Stomp Yo Feet",S60a,S60a11022
KEEP,S60a1112,"Super Based",S60a,S60a1112
MOVE,S60a1112,"Big Ol' Stomp",S60a,S60a11122
KEEP,S60a1122,"The March",S60a,S60a1122
MOVE,S60a1122,"Only Heartache",S60a,S60a11222
KEEP,S60a1132,"Too Much Glam",S60a,S60a1132
MOVE,S60a1132,"Cali Sunrise",S60a,S60a11322
KEEP,S60a1142,"Vibin",S60a,S60a1142
MOVE,S60a1142,"Get Down Tonight",S60a,S60a11422
KEEP,S60a1152,"Baby Brooding",S60a,S60a1152
MOVE,S60a1152,"Draggy Drums",S60a,S60a11522
KEEP,S60a1162,"Degenerate Me",S60a,S60a1162
MOVE,S60a1162,"Blood Red",S60a,S60a11623
KEEP,S60a1172,"Like A Rocket",S60a,S60a1172
MOVE,S60a1172,"Swingin' Moos",S60a,S60a11723
KEEP,S60a1182,"Somewhat Swampy",S60a,S60a1182
MOVE,S60a1182,"Still Darkness",S60a,S60a11823
KEEP,S60a1192,"Third Eye",S60a,S60a1192
MOVE,S60a1192,"Boom Boys",S60a,S60a11923
KEEP,S60a1202,"Dancing Class",S60a,S60a1202
MOVE,S60a1202,"NYC Real",S60a,S60a12023
KEEP,S60a1212,"In The Mist",S60a,S60a1212
MOVE,S60a1212,"Exposition Times",S60a,S60a12123
KEEP,S60a1222,"The Lonely Ones",S60a,S60a1222
MOVE,S60a1222,"Made To Look",S60a,S60a12223
KEEP,S60a1232,"Through A Dream",S60a,S60a1232
MOVE,S60a1232,"Ripper Boy",S60a,S60a12323
KEEP,S60a1242,"Titan",S60a,S60a1242
MOVE,S60a1242,"Being The Best You Can Be",S60a,S60a12423
KEEP,S60a1252,"Wade In The Water",S60a,S60a1252
MOVE,S60a1252,"I Know It's Over",S60a,S60a12523
KEEP,S60a1262,"Young Royalty",S60a,S60a1262
MOVE,S60a1262,"Partying In The 60s",S60a,S60a12623
KEEP,S60a1272,"Dream State",S60a,S60a1272
MOVE,S60a1272,"Dirt Diggin'",S60a,S60a12723
KEEP,S60a1282,"Kaleidoscope Eyes",S60a,S60a1282
MOVE,S60a1282,"Pulsing Things",S60a,S60a12823
KEEP,S60a1292,"Nightflight",S60a,S60a1292
MOVE,S60a1292,"Driving It Up",S60a,S60a12923
KEEP,S60a1302,"On The Banks",S60a,S60a1302
MOVE,S60a1302,"Needing Time",S60a,S60a13023
KEEP,S60a1312,"Down To Drive",S60a,S60a1312
MOVE,S60a1312,"Wild Turn Of Events",S60a,S60a13123
KEEP,S60a1322,"Hysteria 2",S60a,S60a1322
MOVE,S60a1322,"Synergy Meeting",S60a,S60a13223
KEEP,S60a1332,"James Brown Wannabe",S60a,S60a1332
MOVE,S60a1332,"Don't Mind In The Slightest",S60a,S60a13323
KEEP,S60a1342,"La La Love Me",S60a,S60a1342
MOVE,S60a1342,"As Far As I Can See",S60a,S60a13423
KEEP,S60a1352,"On The Vine",S60a,S60a1352
MOVE,S60a1352,"Very Low Feelings",S60a,S60a13523
KEEP,S60a1362,"Phantom",S60a,S60a1362
MOVE,S60a1362,"Majestic Mood",S60a,S60a13623
KEEP,S60a1372,"Drunk In The City",S60a,S60a1372
MOVE,S60a1372,"A Narc Among Us",S60a,S60a13723
KEEP,S60a1382,"Oh Yeah 2",S60a,S60a1382
MOVE,S60a1382,"Battleship Dueling",S60a,S60a13823
KEEP,S60a1392,"Time To Reset",S60a,S60a1392
MOVE,S60a1392,"We Came Here To Party",S60a,S60a13923
KEEP,S60a1402,"Devil Moves",S60a,S60a1402
MOVE,S60a1402,"Flower Survive",S60a,S60a14023
KEEP,S60a1412,"Dis Guy",S60a,S60a1412
MOVE,S60a1412,"Cute Plucks",S60a,S60a14123
KEEP,S60a1422,"Dude Its Fun",S60a,S60a1422
MOVE,S60a1422,"Imma Hustler",S60a,S60a14223
KEEP,S60a1432,"Moon And Sun",S60a,S60a1432
MOVE,S60a1432,"Schmaltzing Away",S60a,S60a14323
KEEP,S60a1472,"Manic Repression",S60a,S60a1472
MOVE,S60a1472,"Club Moving",S60a,S60a14723
KEEP,S60a1482,"Country Fried Steak",S60a,S60a1482
MOVE,S60a1482,"Plunky Punk",S60a,S60a14823
KEEP,S60a1492,"Filled To The Brim",S60a,S60a1492
MOVE,S60a1492,"Electric Carnival",S60a,S60a14923
KEEP,S60a1502,"Silly Billy",S60a,S60a1502
MOVE,S60a1502,"C'Mere You",S60a,S60a15023
KEEP,S60a1512,"It Was Built For Speed",S60a,S60a1512
MOVE,S60a1512,"Look Around Here",S60a,S60a15123
KEEP,S60a1522,"Flashback To The Future",S60a,S60a1522
MOVE,S60a1522,"Help Them Please",S60a,S60a15223
KEEP,S60a1532,"Good To Go",S60a,S60a1532
MOVE,S60a1532,"Dance Party Night",S60a,S60a15323
KEEP,S60a1542,"Kick Run Shoot",S60a,S60a1542
MOVE,S60a1542,"Fire Fight",S60a,S60a15423
KEEP,S60a1552,"Night Time Is The Right Time",S60a,S60a1552
MOVE,S60a1552,"Jump The Vibe",S60a,S60a15523
KEEP,S60a1562,"Slow And Stupid",S60a,S60a1562
MOVE,S60a1562,"Coming Back Home",S60a,S60a15623
KEEP,S60a1572,"The Confrontation",S60a,S60a1572
MOVE,S60a1572,"A Higher Class",S60a,S60a15723
KEEP,S60a1582,"Thinking Of The West",S60a,S60a1582
MOVE,S60a1582,"Stay Vibin' Out",S60a,S60a15823
KEEP,S60a1592,"Your Elegance",S60a,S60a1592
MOVE,S60a1592,"We Like To Vibe",S60a,S60a15923
KEEP,S60a1602,"Anubis",S60a,S60a1602
MOVE,S60a1602,"Ayo Groove",S60a,S60a16023
KEEP,S60a1612,"Beast Of Bourbon",S60a,S60a1612
MOVE,S60a1612,"Lay It Back Now",S60a,S60a16123
KEEP,S60a1642,"Swamps Of Jersey",S60a,S60a1642
MOVE,S60a1642,"A Snoopy One",S60a,S60a16424
NO_MATCH,R13a1051,"Aftershock",R13a,
NO_MATCH,R13a1051,"All Out, All In",R13a,
NO_MATCH,R13a1181,"All Good, Baby",R13a,
NO_MATCH,R13a1181,"Billys Day",R13a,
NO_MATCH,R13a1591,"Up Hill, Down Hill",R13a,
NO_MATCH,R13a1591,"The Big E",R13a,
NO_MATCH,S33a4882,"Like A Good Fast Ride",S33a,
NO_MATCH,S33a4882,"Double Step",S33a,