action,sku_root,keep_ctid,keep_title,del_ctid,del_title,composer
REVIEW,R04b1001,,,(178,6),"AeroNorff",R04b
REVIEW,R04b1001,,,(1804,59),"Snack Security Hearsay",R04b
REVIEW,R04b1011,,,(1815,68),"Goose Platter Possibility",R04b
REVIEW,R04b1011,,,(2413,14),"Aeroclose",R04b
REVIEW,R13a1011,,,(1808,62),"Trespassing",R13a
REVIEW,R13a1011,,,(1860,63),"Thompson",R13a
REVIEW,R13a1021,,,(1808,63),"Rounding Out",R13a
REVIEW,R13a1021,,,(1857,7),"Yogg",R13a
REVIEW,R13a1031,,,(1860,64),"Proof",R13a
REVIEW,R13a1031,,,(3109,28),"Magic Roar",R13a
REVIEW,R13a1041,,,(1823,57),"Shopping",R13a
REVIEW,R13a1041,,,(3179,5),"Slight Twitch",R13a
REVIEW,R13a1051,,,(1696,1),"Aftershock",R13a
REVIEW,R13a1051,,,(3137,20),"All Out, All In",R13a
REVIEW,R13a1061,,,(1860,65),"Coldifide",R13a
REVIEW,R13a1061,,,(3149,10),"The Pendulum",R13a
REVIEW,R13a1071,,,(1808,64),"Wide Aisle",R13a
REVIEW,R13a1071,,,(1883,6),"Floating Lotus",R13a
REVIEW,R13a1081,,,(1807,59),"Blissful",R13a
REVIEW,R13a1081,,,(1823,58),"Raise",R13a
REVIEW,R13a1091,,,(1823,59),"Scavenger",R13a
REVIEW,R13a1091,,,(3207,30),"The Big Awe",R13a
REVIEW,R13a1101,,,(1808,66),"Databaser",R13a
REVIEW,R13a1101,,,(1860,66),"Compost",R13a
REVIEW,R13a1111,,,(1860,67),"Forward Madness",R13a
REVIEW,R13a1111,,,(3238,8),"Keep On The Look Out",R13a
REVIEW,R13a1121,,,(1147,4),"New Energy",R13a
REVIEW,R13a1121,,,(1808,67),"Hot Trot",R13a
REVIEW,R13a1131,,,(1862,8),"TruLove",R13a
REVIEW,R13a1131,,,(3312,1),"Kitchen Game",R13a
REVIEW,R13a1141,,,(1147,5),"Up And On",R13a
REVIEW,R13a1141,,,(1808,68),"Against All Odds",R13a
REVIEW,R13a1151,,,(1147,6),"Next Day",R13a
REVIEW,R13a1151,,,(3319,29),"Returns",R13a
REVIEW,R13a1161,,,(1860,68),"Nowhere To Run To",R13a
REVIEW,R13a1161,,,(3324,19),"Bubble Drag",R13a
REVIEW,R13a1171,,,(417,61),"Tipsies",R13a
REVIEW,R13a1171,,,(1860,69),"Out The Window",R13a
REVIEW,R13a1181,,,(1808,70),"All Good, Baby",R13a
REVIEW,R13a1181,,,(1860,70),"Billys Day",R13a
REVIEW,R13a1191,,,(1866,1),"Easy Breezy",R13a
REVIEW,R13a1191,,,(3397,19),"Modazz",R13a
REVIEW,R13a1201,,,(1860,71),"Iron",R13a
REVIEW,R13a1201,,,(3403,1),"First Building Blocks",R13a
REVIEW,R13a1211,,,(1861,40),"Life Ins",R13a
REVIEW,R13a1211,,,(3403,2),"In The Air",R13a
REVIEW,R13a1221,,,(1854,46),"Bembe Dancing",R13a
REVIEW,R13a1221,,,(3198,32),"The Right Path",R13a
REVIEW,R13a1231,,,(1808,71),"Brightest Lights",R13a
REVIEW,R13a1231,,,(1860,72),"Late Late Night",R13a
REVIEW,R13a1241,,,(1808,72),"Stuff Strut",R13a
REVIEW,R13a1241,,,(1860,73),"Picnic",R13a
REVIEW,R13a1251,,,(1860,74),"Draining",R13a
REVIEW,R13a1251,,,(3442,3),"Rooftop View",R13a
REVIEW,R13a1261,,,(1807,61),"Make A Grand Entrance",R13a
REVIEW,R13a1261,,,(1854,47),"Coating",R13a
REVIEW,R13a1271,,,(1807,64),"Tall And Proud",R13a
REVIEW,R13a1271,,,(1854,48),"Darkness",R13a
REVIEW,R13a1282,,,(1808,73),"Reach The Rich",R13a
REVIEW,R13a1282,,,(1859,71),"First",R13a
REVIEW,R13a1301,,,(1788,69),"Old New",R13a
REVIEW,R13a1301,,,(1883,7),"Positive Negative",R13a
REVIEW,R13a1311,,,(1808,76),"Dark And Late",R13a
REVIEW,R13a1311,,,(1883,8),"Pursuit",R13a
REVIEW,R13a1351,,,(13,3),"Suspense",R13a
REVIEW,R13a1351,,,(3546,5),"Picnic With Jill",R13a
REVIEW,R13a1361,,,(1857,29),"This Is Not A Test",R13a
REVIEW,R13a1361,,,(3547,13),"Me First",R13a
REVIEW,R13a1371,,,(1808,78),"Rollin' In",R13a
REVIEW,R13a1371,,,(1860,75),"Lookout",R13a
REVIEW,R13a1381,,,(1808,80),"So Smooth",R13a
REVIEW,R13a1381,,,(1860,76),"On Edge",R13a
REVIEW,R13a1391,,,(1860,77),"Garage Sale 2",R13a
REVIEW,R13a1391,,,(3588,13),"In Good Spirit",R13a
REVIEW,R13a1401,,,(1860,78),"Intent",R13a
REVIEW,R13a1401,,,(3580,34),"Shame",R13a
REVIEW,R13a1431,,,(1808,81),"Hard Out",R13a
REVIEW,R13a1431,,,(1860,81),"Search And Find",R13a
REVIEW,R13a1441,,,(1808,83),"So Near So Far",R13a
REVIEW,R13a1441,,,(1860,82),"Summer Bench",R13a
REVIEW,R13a1451,,,(1860,83),"Driven",R13a
REVIEW,R13a1451,,,(3641,37),"Trenches",R13a
REVIEW,R13a1461,,,(1808,86),"Sure Enough 2",R13a
REVIEW,R13a1461,,,(1860,84),"Playground",R13a
REVIEW,R13a1471,,,(1861,41),"Splitting Up",R13a
REVIEW,R13a1471,,,(3681,24),"Super Sweet",R13a
REVIEW,R13a1481,,,(1808,89),"Round Table 2",R13a
REVIEW,R13a1481,,,(1861,42),"Flashlighting",R13a
REVIEW,R13a1491,,,(1807,65),"Soft Crawl",R13a
REVIEW,R13a1491,,,(1823,60),"Morning Hustle",R13a
REVIEW,R13a1501,,,(1807,67),"Gutter Strut",R13a
REVIEW,R13a1501,,,(1854,49),"Commitment",R13a
REVIEW,R13a1511,,,(1808,92),"Love Of My Life",R13a
REVIEW,R13a1511,,,(1856,47),"Happy Birds",R13a
REVIEW,R13a1521,,,(1807,77),"Dead Roses",R13a
REVIEW,R13a1521,,,(1823,61),"Hollaring",R13a
REVIEW,R13a1531,,,(542,65),"Shift After Shift",R13a
REVIEW,R13a1531,,,(1823,62),"Quantifying",R13a
REVIEW,R13a1541,,,(547,66),"In The Thick",R13a
REVIEW,R13a1541,,,(1853,43),"Bluesing",R13a
REVIEW,R13a1551,,,(1681,63),"Between The Two",R13a
REVIEW,R13a1551,,,(1823,63),"Hold And Behold",R13a
REVIEW,R13a1561,,,(1807,45),"Storm Clouds",R13a
REVIEW,R13a1561,,,(1823,64),"Picking",R13a
REVIEW,R13a1571,,,(1120,65),"Like The Rain",R13a
REVIEW,R13a1571,,,(1855,32),"Findings",R13a
REVIEW,R13a1581,,,(556,64),"Riding High",R13a
REVIEW,R13a1581,,,(1823,65),"Right There",R13a
REVIEW,R13a1591,,,(1122,62),"Up Hill, Down Hill",R13a
REVIEW,R13a1591,,,(1823,66),"The Big E",R13a
REVIEW,S33a1001,,,(1278,4),"Gates",S33a
REVIEW,S33a1001,,,(2950,15),"Last Chance",S33a
REVIEW,S33a1011,,,(1278,5),"Heavy Guitar",S33a
REVIEW,S33a1011,,,(2984,30),"Island Style",S33a
REVIEW,S33a1021,,,(1278,6),"Hot Pot",S33a
REVIEW,S33a1021,,,(2951,26),"Preparations",S33a
REVIEW,S33a1031,,,(1803,59),"Dry Highways",S33a
REVIEW,S33a1031,,,(2317,53),"Hours",S33a
REVIEW,S33a1041,,,(2317,54),"In And Around",S33a
REVIEW,S33a1041,,,(2952,36),"Long Take Off",S33a
REVIEW,S33a1051,,,(2317,55),"Light In The Tunnel",S33a
REVIEW,S33a1051,,,(2957,35),"Major Orders",S33a
REVIEW,S33a1061,,,(1802,51),"Heliosphere",S33a
REVIEW,S33a1061,,,(2317,56),"Memory",S33a
REVIEW,S33a1071,,,(2317,57),"Noise",S33a
REVIEW,S33a1071,,,(2959,5),"Broken Intel",S33a
REVIEW,S33a1081,,,(2317,58),"Postcard",S33a
REVIEW,S33a1081,,,(2960,12),"Leading News",S33a
REVIEW,S33a1091,,,(1802,53),"Docks",S33a
REVIEW,S33a1091,,,(2317,59),"Prices",S33a
REVIEW,S33a1101,,,(1808,59),"Slow Breeze 65",S33a
REVIEW,S33a1101,,,(2317,60),"Producer",S33a
REVIEW,S33a1111,,,(1802,54),"First Found",S33a
REVIEW,S33a1111,,,(2317,61),"Telephone",S33a
REVIEW,S33a1121,,,(2317,62),"Theatre",S33a
REVIEW,S33a1121,,,(2993,5),"Full Hospitals",S33a
REVIEW,S33a1131,,,(1802,55),"Hard Way",S33a
REVIEW,S33a1131,,,(2317,63),"Adapting",S33a
REVIEW,S33a1141,,,(2317,64),"Day Rush",S33a
REVIEW,S33a1141,,,(2996,15),"Two Wheeler",S33a
REVIEW,S33a1151,,,(1802,57),"Story Of Parents",S33a
REVIEW,S33a1151,,,(2317,65),"Dialogs",S33a
REVIEW,S33a1161,,,(1745,17),"Gold",S33a
REVIEW,S33a1161,,,(3024,10),"Another Sunny Day",S33a
REVIEW,S33a1171,,,(1125,1),"I Like It",S33a
REVIEW,S33a1171,,,(3025,10),"Strange Ways",S33a
REVIEW,S33a1181,,,(1809,54),"The Land",S33a
REVIEW,S33a1181,,,(2317,66),"Links",S33a
REVIEW,S33a1191,,,(2317,67),"Maps",S33a
REVIEW,S33a1191,,,(3028,29),"Seven Doors",S33a
REVIEW,S33a1201,,,(2317,68),"Pictures",S33a
REVIEW,S33a1201,,,(3030,1),"Take The Wheel",S33a
REVIEW,S33a1211,,,(2318,2),"Small Chamber",S33a
REVIEW,S33a1211,,,(3030,2),"The Pursuit",S33a
REVIEW,S33a1221,,,(713,3),"Bricks",S33a
REVIEW,S33a1221,,,(1802,58),"Hard Mode",S33a
REVIEW,S33a1231,,,(713,4),"Clear",S33a
REVIEW,S33a1231,,,(3045,3),"Dance Dress",S33a
REVIEW,S33a1241,,,(2318,3),"Envelopes",S33a
REVIEW,S33a1241,,,(3033,31),"Ice Dance",S33a
REVIEW,S33a1251,,,(2318,27),"Hang Around",S33a
REVIEW,S33a1251,,,(3047,25),"Running Machines",S33a
REVIEW,S33a1261,,,(1809,56),"Night Dream",S33a
REVIEW,S33a1261,,,(2318,28),"Lets Talk",S33a
REVIEW,S33a1271,,,(1745,18),"Market",S33a
REVIEW,S33a1271,,,(1809,57),"Soft Souls",S33a
REVIEW,S33a1281,,,(1805,60),"New Journey",S33a
REVIEW,S33a1281,,,(2318,38),"Open Season",S33a
REVIEW,S33a1291,,,(1745,20),"Projects",S33a
REVIEW,S33a1291,,,(1809,59),"All Coming Back",S33a
REVIEW,S33a1301,,,(2318,39),"Rivers",S33a
REVIEW,S33a1301,,,(3084,31),"Heavy Parking",S33a
REVIEW,S33a1311,,,(2318,40),"Rockers",S33a
REVIEW,S33a1311,,,(3075,17),"Child Memories",S33a
REVIEW,S33a1321,,,(1809,60),"Good News Bad News",S33a
REVIEW,S33a1321,,,(2318,41),"Somewhere",S33a
REVIEW,S33a1331,,,(1809,63),"The Ranger",S33a
REVIEW,S33a1331,,,(2318,42),"Steps",S33a
REVIEW,S33a1341,,,(1745,21),"Travels",S33a
REVIEW,S33a1341,,,(3109,29),"Sideways Street",S33a
REVIEW,S33a1351,,,(2318,43),"Upscale",S33a
REVIEW,S33a1351,,,(3109,30),"Power Ride",S33a
REVIEW,S33a1361,,,(2318,44),"All Sides",S33a
REVIEW,S33a1361,,,(3109,31),"Double Machine",S33a
REVIEW,S33a1371,,,(1809,65),"Catch The News",S33a
REVIEW,S33a1371,,,(2318,45),"Assistant",S33a
REVIEW,S33a1381,,,(1805,63),"Get Your Hats",S33a
REVIEW,S33a1381,,,(2318,46),"Ban",S33a
REVIEW,S33a1391,,,(1802,62),"The Trail",S33a
REVIEW,S33a1391,,,(2318,47),"Displayfull",S33a
REVIEW,S33a1401,,,(1804,60),"Margin Of Error",S33a
REVIEW,S33a1401,,,(2318,48),"Division",S33a
REVIEW,S33a1411,,,(1809,68),"Mean Streak",S33a
REVIEW,S33a1411,,,(2318,49),"Everything",S33a
REVIEW,S33a1421,,,(2318,50),"Evidence",S33a
REVIEW,S33a1421,,,(3225,12),"Dismiss Him",S33a
REVIEW,S33a1431,,,(2318,51),"Fight",S33a
REVIEW,S33a1431,,,(3202,21),"People Here",S33a
REVIEW,S33a1441,,,(2318,52),"Freedom",S33a
REVIEW,S33a1441,,,(3191,22),"Strange Minds",S33a
REVIEW,S33a1451,,,(1125,2),"In Any Case",S33a
REVIEW,S33a1451,,,(3225,18),"Beneath The Skin",S33a
REVIEW,S33a1461,,,(1809,69),"Melancholic Heart",S33a
REVIEW,S33a1461,,,(2318,53),"Inking",S33a
REVIEW,S33a1471,,,(1809,71),"The Match",S33a
REVIEW,S33a1471,,,(2318,54),"Landmark",S33a
REVIEW,S33a1481,,,(1125,3),"Long Tie",S33a
REVIEW,S33a1481,,,(1802,63),"New Study",S33a
REVIEW,S33a1491,,,(1809,74),"Different Thing",S33a
REVIEW,S33a1491,,,(2318,55),"Persona",S33a
REVIEW,S33a1501,,,(2318,56),"Power",S33a
REVIEW,S33a1501,,,(3274,10),"Coming From It",S33a
REVIEW,S33a1511,,,(1802,66),"White Snow",S33a
REVIEW,S33a1511,,,(2318,57),"Progression",S33a
REVIEW,S33a1521,,,(1279,3),"Providers",S33a
REVIEW,S33a1521,,,(1809,75),"Another Way",S33a
REVIEW,S33a1531,,,(1125,4),"Respect It",S33a
REVIEW,S33a1531,,,(1805,65),"We Need It",S33a
REVIEW,S33a1541,,,(1279,4),"Shift",S33a
REVIEW,S33a1541,,,(1809,77),"Crystal Screwballs",S33a
REVIEW,S33a1551,,,(2318,58),"Shock 3",S33a
REVIEW,S33a1551,,,(3280,16),"Classic Parade",S33a
REVIEW,S33a1561,,,(2318,59),"Storm",S33a
REVIEW,S33a1561,,,(3312,4),"Military Drill",S33a
REVIEW,S33a1571,,,(2318,60),"Wiretap",S33a
REVIEW,S33a1571,,,(3314,34),"As The Story Goes",S33a
REVIEW,S33a1581,,,(1809,78),"Hot Flames",S33a
REVIEW,S33a1581,,,(2318,61),"Storm 2",S33a
REVIEW,S33a1591,,,(1805,66),"Paid Dealer",S33a
REVIEW,S33a1591,,,(2318,62),"Test",S33a
REVIEW,S33a1601,,,(1802,68),"Divided Powers",S33a
REVIEW,S33a1601,,,(2318,63),"Wide Doors",S33a
REVIEW,S33a1611,,,(1809,80),"Cold Drink",S33a
REVIEW,S33a1611,,,(2318,64),"Winds",S33a
REVIEW,S33a1621,,,(2318,65),"Smile",S33a
REVIEW,S33a1621,,,(3353,9),"Next Adventure",S33a
REVIEW,S33a1631,,,(1808,69),"Need Time",S33a
REVIEW,S33a1631,,,(2318,66),"Supporters",S33a
REVIEW,S33a1641,,,(2319,10),"University",S33a
REVIEW,S33a1641,,,(3324,20),"News Of The Show",S33a
REVIEW,S33a1651,,,(417,64),"Lips Tips",S33a
REVIEW,S33a1651,,,(2319,11),"Build It Up",S33a
REVIEW,S33a1661,,,(1810,59),"Dressed And Ready",S33a
REVIEW,S33a1661,,,(2319,12),"Fake",S33a
REVIEW,S33a1671,,,(2319,27),"Keep It 2",S33a
REVIEW,S33a1671,,,(3371,31),"Polo Field",S33a
REVIEW,S33a1681,,,(1804,63),"Still Accurate",S33a
REVIEW,S33a1681,,,(2319,28),"Love Is Dead",S33a
REVIEW,S33a1691,,,(2319,29),"Navy",S33a
REVIEW,S33a1691,,,(3390,22),"Fun Walk",S33a
REVIEW,S33a1701,,,(2319,38),"Phone Booth",S33a
REVIEW,S33a1701,,,(3363,30),"Cruisin' Downtown",S33a
REVIEW,S33a1711,,,(1802,70),"Dream Storms",S33a
REVIEW,S33a1711,,,(2319,39),"Shadows",S33a
REVIEW,S33a1721,,,(2319,40),"About Lane",S33a
REVIEW,S33a1721,,,(3394,3),"Creative Dances",S33a
REVIEW,S33a1731,,,(714,4),"Big Open",S33a
REVIEW,S33a1731,,,(1805,67),"The Death Experts",S33a
REVIEW,S33a1741,,,(714,5),"Color Lights",S33a
REVIEW,S33a1741,,,(3367,13),"Floating Balloons",S33a
REVIEW,S33a1751,,,(714,6),"Creation",S33a
REVIEW,S33a1751,,,(3367,14),"Let It Rush",S33a
REVIEW,S33a1761,,,(1802,71),"Pop Moves",S33a
REVIEW,S33a1761,,,(2319,41),"Emotions",S33a
REVIEW,S33a1771,,,(2319,42),"Features",S33a
REVIEW,S33a1771,,,(3395,30),"Tense Remarks",S33a
REVIEW,S33a1781,,,(1802,72),"Like A Can",S33a
REVIEW,S33a1781,,,(2319,43),"Midnight Wait",S33a
REVIEW,S33a1791,,,(1802,73),"Three Pictures",S33a
REVIEW,S33a1791,,,(2319,44),"Selected",S33a
REVIEW,S33a1801,,,(2319,45),"Amazing Place",S33a
REVIEW,S33a1801,,,(3400,22),"Ocean Boulevard",S33a
REVIEW,S33a1811,,,(1810,62),"Fields Of Dirt",S33a
REVIEW,S33a1811,,,(2319,46),"Better Place",S33a
REVIEW,S33a1821,,,(1802,75),"Recreational Road",S33a
REVIEW,S33a1821,,,(2319,47),"Crazy People",S33a
REVIEW,S33a1831,,,(2319,48),"Dealing With Them",S33a
REVIEW,S33a1831,,,(3278,33),"All Day Ride",S33a
REVIEW,S33a1841,,,(1802,76),"Turn On",S33a
REVIEW,S33a1841,,,(2319,49),"Meeting Them",S33a
REVIEW,S33a1851,,,(1810,63),"Inside Fast Ball",S33a
REVIEW,S33a1851,,,(2319,50),"Nice To Meet You",S33a
REVIEW,S33a1861,,,(1802,77),"March Of Factories",S33a
REVIEW,S33a1861,,,(2319,51),"Nice Weather",S33a
REVIEW,S33a1871,,,(1802,47),"Room Windows",S33a
REVIEW,S33a1871,,,(2319,52),"One More Time 2",S33a
REVIEW,S33a1901,,,(1774,3),"Big Jeans",S33a
REVIEW,S33a1901,,,(1810,66),"Pearl Earrings",S33a
REVIEW,S33a1921,,,(1745,22),"Boom Boxes",S33a
REVIEW,S33a1921,,,(1810,68),"Got To Escape",S33a
REVIEW,S33a1931,,,(1745,23),"Dirtier Road",S33a
REVIEW,S33a1931,,,(1806,59),"Fiddle In The Middle",S33a
REVIEW,S33a1941,,,(149,3),"Acting Cool",S33a
REVIEW,S33a1941,,,(1810,70),"Home Toys",S33a
REVIEW,S33a1951,,,(149,4),"All Fits Perfect",S33a
REVIEW,S33a1951,,,(1810,71),"Big Deal",S33a
REVIEW,S33a1961,,,(149,5),"All Out",S33a
REVIEW,S33a1961,,,(3450,7),"The Hive Mind",S33a
REVIEW,S33a1971,,,(149,11),"Away From Home 2",S33a
REVIEW,S33a1971,,,(3466,24),"Nice Comments",S33a
REVIEW,S33a1981,,,(149,12),"Big Decision",S33a
REVIEW,S33a1981,,,(3438,18),"Heavy Dancer",S33a
REVIEW,S33a1991,,,(2319,54),"Calmer Weather",S33a
REVIEW,S33a1991,,,(3466,28),"Vulnerable",S33a
REVIEW,S33a2001,,,(1280,4),"Fancy Clothes",S33a
REVIEW,S33a2001,,,(3451,27),"Drunk And Crazy",S33a
REVIEW,S33a2011,,,(1125,5),"Far Lands",S33a
REVIEW,S33a2011,,,(3439,38),"Tattooed Arms",S33a
REVIEW,S33a2021,,,(1125,6),"Football",S33a
REVIEW,S33a2021,,,(3453,6),"Get A Life",S33a
REVIEW,S33a2041,,,(1125,7),"Phone Numbers",S33a
REVIEW,S33a2041,,,(1810,72),"Gone Far Away",S33a
REVIEW,S33a2051,,,(1280,5),"Short Talk",S33a
REVIEW,S33a2051,,,(1802,79),"All Said That",S33a
REVIEW,S33a2091,,,(1125,8),"Winners",S33a
REVIEW,S33a2091,,,(1810,75),"Friendly Thing",S33a
REVIEW,S33a2102,,,(1280,6),"Activities",S33a
REVIEW,S33a2102,,,(1810,77),"Get Him",S33a
REVIEW,S33a2111,,,(1810,78),"Come In Now",S33a
REVIEW,S33a2111,,,(2319,55),"Alerts",S33a
REVIEW,S33a2121,,,(1725,23),"Big Box",S33a
REVIEW,S33a2121,,,(1802,80),"We Are Celebrating",S33a
REVIEW,S33a2131,,,(1810,81),"Overloaded",S33a
REVIEW,S33a2131,,,(2319,56),"Broken Puppets",S33a
REVIEW,S33a2141,,,(1810,84),"Ignition Keys",S33a
REVIEW,S33a2141,,,(2319,57),"Caution 2",S33a
REVIEW,S33a2151,,,(1725,24),"Circles 2",S33a
REVIEW,S33a2151,,,(3501,37),"How Am I Wrong?",S33a
REVIEW,S33a2161,,,(2319,58),"Committee",S33a
REVIEW,S33a2161,,,(3489,38),"So Honest",S33a
REVIEW,S33a2172,,,(2319,59),"Dew Point",S33a
REVIEW,S33a2172,,,(3478,13),"Gonna Happen",S33a
REVIEW,S33a2181,,,(1800,41),"So Not Happy",S33a
REVIEW,S33a2181,,,(2319,60),"Fiction",S33a
REVIEW,S33a2191,,,(2319,61),"Gasp",S33a
REVIEW,S33a2191,,,(3503,22),"Better Be Ready Now",S33a
REVIEW,S33a2201,,,(1806,62),"Text Messages",S33a
REVIEW,S33a2201,,,(2319,62),"Hazards",S33a
REVIEW,S33a2211,,,(2320,8),"Hooked",S33a
REVIEW,S33a2211,,,(3504,37),"Next To You",S33a
REVIEW,S33a2221,,,(2320,9),"Memories 2",S33a
REVIEW,S33a2221,,,(3506,4),"Old Days Parts",S33a
REVIEW,S33a2231,,,(2320,10),"Motion 2",S33a
REVIEW,S33a2231,,,(3507,17),"Hop On",S33a
REVIEW,S33a2241,,,(2320,11),"Reports",S33a
REVIEW,S33a2241,,,(3519,35),"Welcome Back",S33a
REVIEW,S33a2251,,,(2320,12),"Radar",S33a
REVIEW,S33a2251,,,(3536,11),"Their Stories",S33a
REVIEW,S33a2261,,,(2320,22),"Small Town",S33a
REVIEW,S33a2261,,,(3510,10),"Chances Of Winning",S33a
REVIEW,S33a2271,,,(1801,45),"Nice Chat",S33a
REVIEW,S33a2271,,,(2320,23),"Source",S33a
REVIEW,S33a2281,,,(715,3),"Admission",S33a
REVIEW,S33a2281,,,(1796,41),"Get Them All",S33a
REVIEW,S33a2291,,,(715,7),"Cards",S33a
REVIEW,S33a2291,,,(3511,17),"The Pumping Pumps",S33a
REVIEW,S33a2301,,,(1745,24),"Employee",S33a
REVIEW,S33a2301,,,(3536,4),"Iron Women",S33a
REVIEW,S33a2311,,,(715,8),"Jungle 2",S33a
REVIEW,S33a2311,,,(3523,34),"Summer Toolkits",S33a
REVIEW,S33a2321,,,(715,9),"Leaves",S33a
REVIEW,S33a2321,,,(1811,60),"Offenders",S33a
REVIEW,S33a2331,,,(715,10),"Privilege",S33a
REVIEW,S33a2331,,,(1811,62),"Closer To Her",S33a
REVIEW,S33a2341,,,(1811,65),"The Plot",S33a
REVIEW,S33a2341,,,(2320,24),"Sheriff",S33a
REVIEW,S33a2351,,,(2320,34),"Slower",S33a
REVIEW,S33a2351,,,(3539,23),"In The Wood",S33a
REVIEW,S33a2361,,,(1745,25),"Testimony",S33a
REVIEW,S33a2361,,,(3540,36),"Real Patriots",S33a
REVIEW,S33a2371,,,(1803,62),"Year Earlier",S33a
REVIEW,S33a2371,,,(2320,35),"Time 2",S33a
REVIEW,S33a2381,,,(1811,67),"Not A Game",S33a
REVIEW,S33a2381,,,(2320,36),"Bridge",S33a
REVIEW,S33a2391,,,(1806,64),"Few Sentences",S33a
REVIEW,S33a2391,,,(2320,37),"Ice Cream",S33a
REVIEW,S33a2401,,,(1804,70),"These Smiles",S33a
REVIEW,S33a2401,,,(2320,38),"Rooms",S33a
REVIEW,S33a2411,,,(2320,41),"Amp",S33a
REVIEW,S33a2411,,,(3543,18),"Gone Missing",S33a
REVIEW,S33a2421,,,(1811,69),"Run The Night",S33a
REVIEW,S33a2421,,,(2320,42),"Cake",S33a
REVIEW,S33a2431,,,(2320,43),"Choice",S33a
REVIEW,S33a2431,,,(3544,33),"Fine Bottom Line",S33a
REVIEW,S33a2441,,,(1745,26),"Ages",S33a
REVIEW,S33a2441,,,(3544,34),"Room Of Lights",S33a
REVIEW,S33a2451,,,(1745,27),"Birdie",S33a
REVIEW,S33a2451,,,(3568,12),"Almost There Now",S33a
REVIEW,S33a2461,,,(1280,7),"Brick",S33a
REVIEW,S33a2461,,,(3546,6),"Pleasure To See You",S33a
REVIEW,S33a2471,,,(1745,28),"Cabin",S33a
REVIEW,S33a2471,,,(1806,65),"Be Here",S33a
REVIEW,S33a2481,,,(150,4),"Clouds",S33a
REVIEW,S33a2481,,,(1806,66),"Time To Decide On",S33a
REVIEW,S33a2491,,,(150,5),"Clue",S33a
REVIEW,S33a2491,,,(3569,16),"All The Times",S33a
REVIEW,S33a2501,,,(150,6),"Dates",S33a
REVIEW,S33a2501,,,(1806,67),"Get Your Hands Up",S33a
REVIEW,S33a2511,,,(1725,34),"Dew",S33a
REVIEW,S33a2511,,,(1804,72),"This City",S33a
REVIEW,S33a2521,,,(1811,74),"In The Dark Moment",S33a
REVIEW,S33a2521,,,(2320,44),"Distance",S33a
REVIEW,S33a2531,,,(1803,63),"Spinning Up",S33a
REVIEW,S33a2531,,,(2320,45),"Doors",S33a
REVIEW,S33a2541,,,(1811,77),"It Is A Test",S33a
REVIEW,S33a2541,,,(2320,46),"Duet",S33a
REVIEW,S33a2551,,,(1804,73),"This Place Is Running",S33a
REVIEW,S33a2551,,,(2320,47),"Edge",S33a
REVIEW,S33a2561,,,(1811,80),"I Can",S33a
REVIEW,S33a2561,,,(2320,48),"Exits",S33a
REVIEW,S33a2571,,,(1811,81),"Take On Me",S33a
REVIEW,S33a2571,,,(2320,49),"Fields",S33a
REVIEW,S33a2581,,,(1804,74),"Like A War",S33a
REVIEW,S33a2581,,,(2320,50),"Fight 2",S33a
REVIEW,S33a2591,,,(2320,51),"Freeway 2",S33a
REVIEW,S33a2591,,,(3573,30),"Along The Road",S33a
REVIEW,S33a2601,,,(2320,52),"Glass",S33a
REVIEW,S33a2601,,,(3575,2),"Creators",S33a
REVIEW,S33a2611,,,(1281,6),"Great River",S33a
REVIEW,S33a2611,,,(3603,8),"More Of Something",S33a
REVIEW,S33a2621,,,(1281,7),"Group",S33a
REVIEW,S33a2621,,,(3603,11),"I Just Wanna Have Fun",S33a
REVIEW,S33a2631,,,(1281,8),"Hell Canyon",S33a
REVIEW,S33a2631,,,(3576,15),"Who She Is",S33a
REVIEW,S33a2641,,,(1281,9),"Homes",S33a
REVIEW,S33a2641,,,(3603,14),"Critical Training",S33a
REVIEW,S33a2651,,,(1281,10),"Interstate",S33a
REVIEW,S33a2651,,,(3577,29),"My Discipline",S33a
REVIEW,S33a2661,,,(2320,53),"Interview",S33a
REVIEW,S33a2661,,,(3599,41),"My Best Friends",S33a
REVIEW,S33a2671,,,(2320,54),"Investment",S33a
REVIEW,S33a2671,,,(3601,12),"Look Back Again",S33a
REVIEW,S33a2681,,,(2321,16),"Jets",S33a
REVIEW,S33a2681,,,(3589,28),"Walking Out",S33a
REVIEW,S33a2691,,,(1806,69),"Ten PM",S33a
REVIEW,S33a2691,,,(2321,17),"Mission",S33a
REVIEW,S33a2701,,,(1806,70),"So Much To Ask",S33a
REVIEW,S33a2701,,,(2321,18),"Neon",S33a
REVIEW,S33a2711,,,(2321,19),"Pacific Highway",S33a
REVIEW,S33a2711,,,(3580,13),"All Covered Up",S33a
REVIEW,S33a2721,,,(1803,64),"Local Crimes",S33a
REVIEW,S33a2721,,,(2321,33),"Passenger",S33a
REVIEW,S33a2731,,,(2321,42),"Pathway",S33a
REVIEW,S33a2731,,,(3580,35),"More In There",S33a
REVIEW,S33a2741,,,(2321,43),"Push",S33a
REVIEW,S33a2741,,,(3603,37),"Strange Motions",S33a
REVIEW,S33a2751,,,(2321,44),"Rebound",S33a
REVIEW,S33a2751,,,(3605,9),"Packs Of Matches",S33a
REVIEW,S33a2761,,,(1804,75),"Uniquely Distinctive",S33a
REVIEW,S33a2761,,,(2321,45),"Reminder",S33a
REVIEW,S33a2771,,,(1812,58),"Time To Think About It",S33a
REVIEW,S33a2771,,,(2321,46),"Reshoot",S33a
REVIEW,S33a2781,,,(2321,47),"Review",S33a
REVIEW,S33a2781,,,(3607,39),"Show Us Around",S33a
REVIEW,S33a2791,,,(1725,35),"Ridge",S33a
REVIEW,S33a2791,,,(1803,65),"Now Look At That",S33a
REVIEW,S33a2821,,,(563,73),"Dance Spirit",S33a
REVIEW,S33a2821,,,(2321,50),"State Route",S33a
REVIEW,S33a2831,,,(1804,76),"Lessons To Learn",S33a
REVIEW,S33a2831,,,(2321,51),"Statement",S33a
REVIEW,S33a2841,,,(716,3),"Stock",S33a
REVIEW,S33a2841,,,(3609,17),"Said End Done",S33a
REVIEW,S33a2851,,,(716,5),"Street",S33a
REVIEW,S33a2851,,,(1806,73),"Transport Me",S33a
REVIEW,S33a2861,,,(1774,5),"Teaser",S33a
REVIEW,S33a2861,,,(1803,66),"Predict The Future",S33a
REVIEW,S33a2871,,,(716,7),"Time Zone",S33a
REVIEW,S33a2871,,,(3612,5),"Five Levels",S33a
REVIEW,S33a2881,,,(1745,29),"Tracks",S33a
REVIEW,S33a2881,,,(3632,1),"Complicated Tasks",S33a
REVIEW,S33a2891,,,(716,8),"Trail Ridge",S33a
REVIEW,S33a2891,,,(3622,32),"Outside And Inside",S33a
REVIEW,S33a2901,,,(2321,52),"Trailer",S33a
REVIEW,S33a2901,,,(3633,23),"From Home Town",S33a
REVIEW,S33a2911,,,(2321,53),"Trucks",S33a
REVIEW,S33a2911,,,(3613,16),"She Sneaked In",S33a
REVIEW,S33a2921,,,(2321,54),"Turns",S33a
REVIEW,S33a2921,,,(3633,14),"Wired Like This",S33a
REVIEW,S33a2931,,,(1745,30),"Tweets",S33a
REVIEW,S33a2931,,,(1812,63),"In The Box",S33a
REVIEW,S33a2941,,,(2321,55),"View",S33a
REVIEW,S33a2941,,,(3635,1),"Welcome Back Again",S33a
REVIEW,S33a2951,,,(1803,67),"We Should Do It",S33a
REVIEW,S33a2951,,,(2321,56),"Visits",S33a
REVIEW,S33a2961,,,(1812,66),"Fun Like This",S33a
REVIEW,S33a2961,,,(2321,57),"Weeks",S33a
REVIEW,S33a2971,,,(1812,69),"Whispering Shadows",S33a
REVIEW,S33a2971,,,(2321,58),"Wheels 2",S33a
REVIEW,S33a2981,,,(1812,72),"Investigation Riser",S33a
REVIEW,S33a2981,,,(2321,59),"Wilde Road",S33a
REVIEW,S33a2991,,,(1812,73),"The Information",S33a
REVIEW,S33a2991,,,(2321,60),"Wind",S33a
REVIEW,S33a3001,,,(1812,75),"Midnight Rendezvous",S33a
REVIEW,S33a3001,,,(2321,61),"Window",S33a
REVIEW,S33a3011,,,(1774,6),"Wine",S33a
REVIEW,S33a3011,,,(3640,21),"Sly Moves",S33a
REVIEW,S33a3021,,,(1803,68),"Keep It Secret",S33a
REVIEW,S33a3021,,,(2321,62),"Wizards",S33a
REVIEW,S33a3031,,,(1804,78),"Questions At That Point",S33a
REVIEW,S33a3031,,,(2321,63),"Band",S33a
REVIEW,S33a3042,,,(151,2),"Coaches",S33a
REVIEW,S33a3042,,,(3643,8),"Different Shapes",S33a
REVIEW,S33a3052,,,(2321,64),"Edition",S33a
REVIEW,S33a3052,,,(3654,41),"All Nicknames",S33a
REVIEW,S33a3062,,,(2321,65),"Friends",S33a
REVIEW,S33a3062,,,(3644,20),"Wanderlust 2",S33a
REVIEW,S33a3072,,,(2321,66),"Playlist",S33a
REVIEW,S33a3072,,,(3666,38),"Best Believe It",S33a
REVIEW,S33a3082,,,(2321,67),"All Night",S33a
REVIEW,S33a3082,,,(3655,21),"Become Strong",S33a
REVIEW,S33a3092,,,(1623,67),"On Point",S33a
REVIEW,S33a3092,,,(2321,68),"Coming Home 2",S33a
REVIEW,S33a3102,,,(1774,7),"Jump In 2",S33a
REVIEW,S33a3102,,,(1803,69),"Just A File",S33a
REVIEW,S33a3112,,,(1806,76),"Street Driver",S33a
REVIEW,S33a3112,,,(2321,69),"The Passenger",S33a
REVIEW,S33a3122,,,(1812,79),"Highway Strangers",S33a
REVIEW,S33a3122,,,(2348,1),"Place To Go",S33a
REVIEW,S33a3132,,,(1803,70),"Sizzle 2",S33a
REVIEW,S33a3132,,,(2321,70),"Silver Earring",S33a
REVIEW,S33a3142,,,(2321,71),"Bitter Wine",S33a
REVIEW,S33a3142,,,(3672,15),"Get To Be There",S33a
REVIEW,S33a3152,,,(1812,80),"Chain Links",S33a
REVIEW,S33a3152,,,(2322,2),"Blazer",S33a
REVIEW,S33a3162,,,(1282,2),"Clearview",S33a
REVIEW,S33a3162,,,(1804,80),"Reign Of The Drama",S33a
REVIEW,S33a3172,,,(1804,81),"Hidden Behind",S33a
REVIEW,S33a3172,,,(2322,23),"Feeling Free",S33a
REVIEW,S33a3182,,,(1812,83),"Bounces",S33a
REVIEW,S33a3182,,,(2322,24),"Flip",S33a
REVIEW,S33a3192,,,(2322,25),"Four Wheels",S33a
REVIEW,S33a3192,,,(3686,30),"Unstoppable Trains",S33a
REVIEW,S33a3202,,,(2322,38),"Full Fork",S33a
REVIEW,S33a3202,,,(3676,9),"Getting There Fast",S33a
REVIEW,S33a3212,,,(1804,82),"Electro Fury",S33a
REVIEW,S33a3212,,,(2322,39),"In Deep",S33a
REVIEW,S33a3222,,,(2322,40),"Queens Avenue",S33a
REVIEW,S33a3222,,,(3677,25),"Neon Beams",S33a
REVIEW,S33a3232,,,(2322,41),"Release",S33a
REVIEW,S33a3232,,,(3699,38),"Twilight Bar",S33a
REVIEW,S33a3242,,,(2322,42),"Small Case",S33a
REVIEW,S33a3242,,,(3678,15),"Strong Going",S33a
REVIEW,S33a3252,,,(1803,71),"Toughness",S33a
REVIEW,S33a3252,,,(2322,43),"Sneaker",S33a
REVIEW,S33a3262,,,(1813,57),"Confessions 2",S33a
REVIEW,S33a3262,,,(2322,44),"Sweepstakes",S33a
REVIEW,S33a3272,,,(1813,60),"Murder Express",S33a
REVIEW,S33a3272,,,(2322,45),"Two Cups",S33a
REVIEW,S33a3282,,,(1813,62),"Lost In Curves",S33a
REVIEW,S33a3282,,,(2322,46),"Until Late",S33a
REVIEW,S33a3292,,,(2322,47),"Walker",S33a
REVIEW,S33a3292,,,(3735,25),"Wild And Free",S33a
REVIEW,S33a3302,,,(2322,48),"Coast Houses",S33a
REVIEW,S33a3302,,,(3704,22),"Dreams And Deals",S33a
REVIEW,S33a3312,,,(2322,49),"Designers",S33a
REVIEW,S33a3312,,,(3727,35),"I Got It Now",S33a
REVIEW,S33a3322,,,(1806,77),"Self Discovery",S33a
REVIEW,S33a3322,,,(2322,50),"Slow Hands",S33a
REVIEW,S33a3332,,,(1804,83),"Unwavering Resolve 2",S33a
REVIEW,S33a3332,,,(2321,72),"Autumn 2",S33a
REVIEW,S33a3342,,,(2322,51),"Empty Seats",S33a
REVIEW,S33a3342,,,(3729,10),"The Signature",S33a
REVIEW,S33a3352,,,(2322,52),"Bank Account",S33a
REVIEW,S33a3352,,,(3707,12),"Eclectic Touch",S33a
REVIEW,S33a3362,,,(2322,53),"Coast Winds",S33a
REVIEW,S33a3362,,,(3735,36),"Was A Good Run",S33a
REVIEW,S33a3372,,,(1806,78),"On The Line 2",S33a
REVIEW,S33a3372,,,(2322,54),"Loop Holes",S33a
REVIEW,S33a3382,,,(717,4),"Alive",S33a
REVIEW,S33a3382,,,(3708,28),"Town Deception",S33a
REVIEW,S33a3392,,,(717,5),"Barefeet",S33a
REVIEW,S33a3392,,,(3721,9),"Take Flight 2",S33a
REVIEW,S33a3402,,,(717,6),"Big Signs",S33a
REVIEW,S33a3402,,,(3709,39),"By Night",S33a
REVIEW,S33a3412,,,(2322,55),"Blue Fever",S33a
REVIEW,S33a3412,,,(3735,21),"Nightmares Illuminate",S33a
REVIEW,S33a3422,,,(151,3),"Brick Blocks",S33a
REVIEW,S33a3422,,,(3722,24),"Final Justice",S33a
REVIEW,S33a3432,,,(2322,56),"Bricks 2",S33a
REVIEW,S33a3432,,,(3711,15),"On My Last",S33a
REVIEW,S33a3442,,,(2322,57),"Builders",S33a
REVIEW,S33a3442,,,(3712,15),"He Knew",S33a
REVIEW,S33a3452,,,(1803,72),"Crazy In The Lights",S33a
REVIEW,S33a3452,,,(2322,58),"Buildings",S33a
REVIEW,S33a3462,,,(1803,73),"Good For All",S33a
REVIEW,S33a3462,,,(2322,59),"Car Stereo",S33a
REVIEW,S33a3472,,,(2322,60),"Close Up",S33a
REVIEW,S33a3472,,,(3735,20),"Nice Sunrise",S33a
REVIEW,S33a3482,,,(1813,63),"Melodic Breeze",S33a
REVIEW,S33a3482,,,(2322,61),"Double Line",S33a
REVIEW,S33a3492,,,(1725,36),"Found It 2",S33a
REVIEW,S33a3492,,,(1813,64),"Solid Days",S33a
REVIEW,S33a3502,,,(1804,84),"Asked Fast",S33a
REVIEW,S33a3502,,,(2322,62),"Future",S33a
REVIEW,S33a3512,,,(1804,85),"That Scene",S33a
REVIEW,S33a3512,,,(2322,63),"Gangs",S33a
REVIEW,S33a3522,,,(1813,70),"Pull Up 3",S33a
REVIEW,S33a3522,,,(2322,64),"Going Down",S33a
REVIEW,S33a3532,,,(2322,65),"In Time",S33a
REVIEW,S33a3532,,,(3763,5),"And Want It",S33a
REVIEW,S33a3542,,,(2322,66),"Joe",S33a
REVIEW,S33a3542,,,(3741,31),"All And Nothing",S33a
REVIEW,S33a3552,,,(2323,10),"Landing Hard",S33a
REVIEW,S33a3552,,,(3770,18),"Files Not Found",S33a
REVIEW,S33a3562,,,(2324,10),"Long Road 2",S33a
REVIEW,S33a3562,,,(3765,33),"At That Point",S33a
REVIEW,S33a3572,,,(152,1),"Look Out",S33a
REVIEW,S33a3572,,,(3743,7),"Eat It",S33a
REVIEW,S33a3582,,,(152,6),"Loose Shoes",S33a
REVIEW,S33a3582,,,(1806,79),"Gonna Take A Shot",S33a
REVIEW,S33a3592,,,(152,7),"Moving On",S33a
REVIEW,S33a3592,,,(1804,86),"Far Gone",S33a
REVIEW,S33a3602,,,(152,8),"One More",S33a
REVIEW,S33a3602,,,(3770,27),"Velvet Bliss",S33a
REVIEW,S33a3612,,,(1804,87),"Strange Foothills",S33a
REVIEW,S33a3612,,,(2323,11),"Starters",S33a
REVIEW,S33a3622,,,(2323,12),"Steering Up",S33a
REVIEW,S33a3622,,,(3745,32),"In This Room",S33a
REVIEW,S33a3632,,,(1803,74),"Our Short History",S33a
REVIEW,S33a3632,,,(2323,13),"Stopper",S33a
REVIEW,S33a3642,,,(2323,14),"Their Prime",S33a
REVIEW,S33a3642,,,(3746,39),"Very Tricky Steps",S33a
REVIEW,S33a3652,,,(2323,27),"Toy Car",S33a
REVIEW,S33a3652,,,(3746,40),"Step To Step",S33a
REVIEW,S33a3662,,,(2323,38),"Two Faces",S33a
REVIEW,S33a3662,,,(3772,13),"Strong Love",S33a
REVIEW,S33a3672,,,(1803,75),"Slow Echos",S33a
REVIEW,S33a3672,,,(2323,39),"Walk Here",S33a
REVIEW,S33a3682,,,(1283,6),"West Palm",S33a
REVIEW,S33a3682,,,(1804,88),"Slowly Stepping In",S33a
REVIEW,S33a3692,,,(1283,7),"Wet Roads",S33a
REVIEW,S33a3692,,,(1814,60),"Damned Riffs",S33a
REVIEW,S33a3702,,,(1283,8),"Antique",S33a
REVIEW,S33a3702,,,(3775,3),"Another Person Here",S33a
REVIEW,S33a3712,,,(1283,9),"Buttons",S33a
REVIEW,S33a3712,,,(1806,81),"All As Yesterday",S33a
REVIEW,S33a3722,,,(1283,10),"Lights",S33a
REVIEW,S33a3722,,,(1814,62),"Few Years Of Dark",S33a
REVIEW,S33a3732,,,(1814,64),"Just A Street",S33a
REVIEW,S33a3732,,,(2323,40),"Old Pictures",S33a
REVIEW,S33a3742,,,(1814,67),"New To Push It",S33a
REVIEW,S33a3742,,,(2323,41),"Piles",S33a
REVIEW,S33a3752,,,(1814,68),"Blinking Beauties",S33a
REVIEW,S33a3752,,,(2323,42),"Relics",S33a
REVIEW,S33a3762,,,(1814,69),"After The Fall",S33a
REVIEW,S33a3762,,,(2323,43),"Stories",S33a
REVIEW,S33a3772,,,(1804,89),"Certain Bits",S33a
REVIEW,S33a3772,,,(2323,44),"Things",S33a
REVIEW,S33a3782,,,(1725,37),"Baby Elephant",S33a
REVIEW,S33a3782,,,(3799,29),"Road In The Back",S33a
REVIEW,S33a3792,,,(1725,38),"Presentation",S33a
REVIEW,S33a3792,,,(3789,21),"Benefits In The Dark",S33a
REVIEW,S33a3802,,,(2347,1),"Street 2",S33a
REVIEW,S33a3802,,,(3803,34),"Not Clear At All",S33a
REVIEW,S33a3812,,,(1804,90),"Reckoning Face",S33a
REVIEW,S33a3812,,,(2347,2),"Strike Up",S33a
REVIEW,S33a3822,,,(1803,76),"Wild Day",S33a
REVIEW,S33a3822,,,(2347,3),"Strong Men",S33a
REVIEW,S33a3832,,,(2323,45),"Memory Toys",S33a
REVIEW,S33a3832,,,(3803,38),"Every One Mile",S33a
REVIEW,S33a3842,,,(2323,46),"New Adventures",S33a
REVIEW,S33a3842,,,(3791,41),"Stand Up Man",S33a
REVIEW,S33a3852,,,(1805,69),"Faking Making",S33a
REVIEW,S33a3852,,,(2323,47),"Old Pictures 2",S33a
REVIEW,S33a3862,,,(1806,82),"So Much Sun",S33a
REVIEW,S33a3862,,,(2323,48),"Round Tables",S33a
REVIEW,S33a3872,,,(2323,49),"Walking Distance",S33a
REVIEW,S33a3872,,,(3803,21),"While Walking",S33a
REVIEW,S33a3882,,,(1700,90),"The Documents Falling",S33a
REVIEW,S33a3882,,,(2323,50),"Chaser",S33a
REVIEW,S33a3892,,,(2323,51),"Careful 3",S33a
REVIEW,S33a3892,,,(3792,27),"Up Front",S33a
REVIEW,S33a3902,,,(718,2),"Fallen",S33a
REVIEW,S33a3902,,,(3803,26),"Moon Night",S33a
REVIEW,S33a3912,,,(2323,52),"Guns",S33a
REVIEW,S33a3912,,,(3781,24),"Premium Gear",S33a
REVIEW,S33a3922,,,(1803,77),"Sandy Wheels",S33a
REVIEW,S33a3922,,,(2323,53),"New Noise",S33a
REVIEW,S33a3932,,,(1805,71),"Greed And Gasoline",S33a
REVIEW,S33a3932,,,(2323,54),"Protest",S33a
REVIEW,S33a3942,,,(1803,78),"Options In Life",S33a
REVIEW,S33a3942,,,(2323,55),"Trash 2",S33a
REVIEW,S33a3952,,,(1814,73),"Gone Through Life",S33a
REVIEW,S33a3952,,,(2323,56),"Bloom",S33a
REVIEW,S33a3962,,,(1803,79),"Walk The Streets",S33a
REVIEW,S33a3962,,,(2323,57),"Busier Day",S33a
REVIEW,S33a3972,,,(2323,58),"Cups",S33a
REVIEW,S33a3972,,,(3807,22),"Give Me Some Funk",S33a
REVIEW,S33a3982,,,(1806,83),"Fields Of Grass",S33a
REVIEW,S33a3982,,,(2323,59),"Fun Logo",S33a
REVIEW,S33a3992,,,(2347,4),"Ready",S33a
REVIEW,S33a3992,,,(3808,28),"Soul Room",S33a
REVIEW,S33a4002,,,(1814,76),"Coming Back Up",S33a
REVIEW,S33a4002,,,(2323,60),"Simple Plan",S33a
REVIEW,S33a4012,,,(1803,80),"Deployment Diaries",S33a
REVIEW,S33a4012,,,(2324,17),"Slicker",S33a
REVIEW,S33a4022,,,(1806,85),"Electronic Dreams",S33a
REVIEW,S33a4022,,,(2324,18),"Cheeky Plum",S33a
REVIEW,S33a4032,,,(2467,11),"Club Chairs",S33a
REVIEW,S33a4032,,,(3809,39),"Floppy Disks",S33a
REVIEW,S33a4042,,,(2467,12),"Easy Now",S33a
REVIEW,S33a4042,,,(3820,12),"Fun Filled Jaunt",S33a
REVIEW,S33a4052,,,(1806,86),"Groove Nights",S33a
REVIEW,S33a4052,,,(2467,13),"Toys",S33a
REVIEW,S33a4062,,,(2467,14),"Trip",S33a
REVIEW,S33a4062,,,(3834,3),"Important Things",S33a
REVIEW,S33a4072,,,(193,7),"Three Wheels",S33a
REVIEW,S33a4072,,,(3811,5),"It Says Fun",S33a
REVIEW,S33a4082,,,(1807,68),"Lift It And Go",S33a
REVIEW,S33a4082,,,(1817,14),"Bike Shop",S33a
REVIEW,S33a4092,,,(1807,70),"My Morning Coffee",S33a
REVIEW,S33a4092,,,(1817,15),"Bottles",S33a
REVIEW,S33a4102,,,(1817,16),"Danger",S33a
REVIEW,S33a4102,,,(3811,4),"Night To Remember",S33a
REVIEW,S33a4112,,,(1817,17),"Deputation",S33a
REVIEW,S33a4112,,,(3821,17),"On The Top Again",S33a
REVIEW,S33a4122,,,(1131,4),"Five Dollars",S33a
REVIEW,S33a4122,,,(3812,13),"Pulse Of The City",S33a
REVIEW,S33a4132,,,(1131,5),"Fresh Air",S33a
REVIEW,S33a4132,,,(3832,10),"Reverie",S33a
REVIEW,S33a4142,,,(1131,6),"Funny Guys",S33a
REVIEW,S33a4142,,,(3834,26),"Stampeding",S33a
REVIEW,S33a4152,,,(1817,18),"Metals",S33a
REVIEW,S33a4152,,,(3834,14),"Gold Dust",S33a
REVIEW,S33a4162,,,(1818,59),"Pearls",S33a
REVIEW,S33a4162,,,(3821,41),"I Will Still Take It",S33a
REVIEW,S33a4172,,,(1805,15),"Last Night Moves",S33a
REVIEW,S33a4172,,,(1851,29),"Ports",S33a
REVIEW,S33a4182,,,(1666,65),"Met My Friends",S33a
REVIEW,S33a4182,,,(1818,60),"Tables",S33a
REVIEW,S33a4192,,,(535,64),"No Fear",S33a
REVIEW,S33a4192,,,(1851,30),"Twists",S33a
REVIEW,S33a4202,,,(1815,89),"Other Side",S33a
REVIEW,S33a4202,,,(2324,40),"Walking",S33a
REVIEW,S33a4212,,,(2324,42),"Wars",S33a
REVIEW,S33a4212,,,(3823,11),"Riddle Me",S33a
REVIEW,S33a4222,,,(2347,5),"With A Beat",S33a
REVIEW,S33a4222,,,(3834,17),"Someone Locked It",S33a
REVIEW,S33a4232,,,(2476,59),"Decisions",S33a
REVIEW,S33a4232,,,(3814,3),"Sweet Evening",S33a
REVIEW,S33a4242,,,(2476,60),"Drama Princess",S33a
REVIEW,S33a4242,,,(3834,28),"This Amazing Feeling",S33a
REVIEW,S33a4252,,,(2476,61),"Dreamatizer",S33a
REVIEW,S33a4252,,,(3834,18),"Wanna Join",S33a
REVIEW,S33a4262,,,(2476,62),"Harlem Band",S33a
REVIEW,S33a4262,,,(3833,39),"The Best Night Ever",S33a
REVIEW,S33a4272,,,(202,4),"Hot Robbery",S33a
REVIEW,S33a4272,,,(1816,60),"Bigger Things",S33a
REVIEW,S33a4282,,,(1816,62),"Below Turn It Up",S33a
REVIEW,S33a4282,,,(2482,54),"Connection",S33a
REVIEW,S33a4292,,,(1816,65),"Funny Sun",S33a
REVIEW,S33a4292,,,(2482,55),"Escaped",S33a
REVIEW,S33a4302,,,(2482,56),"Far End",S33a
REVIEW,S33a4302,,,(3857,29),"It Is A Strange Talk",S33a
REVIEW,S33a4312,,,(1805,73),"Flashpoints",S33a
REVIEW,S33a4312,,,(2482,57),"Funky Pants",S33a
REVIEW,S33a4322,,,(2482,58),"Glass Cars",S33a
REVIEW,S33a4322,,,(3849,15),"What The Problem Is",S33a
REVIEW,S33a4332,,,(1805,74),"Eternal Summer",S33a
REVIEW,S33a4332,,,(2482,59),"Green Papers",S33a
REVIEW,S33a4342,,,(1803,81),"With Ocean Waves",S33a
REVIEW,S33a4342,,,(2482,60),"Happy Drive",S33a
REVIEW,S33a4352,,,(2482,61),"Instincts",S33a
REVIEW,S33a4352,,,(3850,29),"Anomalies",S33a
REVIEW,S33a4362,,,(2482,62),"Intro",S33a
REVIEW,S33a4362,,,(3840,27),"Flickering Screens",S33a
REVIEW,S33a4372,,,(2482,63),"Mess",S33a
REVIEW,S33a4372,,,(3851,27),"No Errors",S33a
REVIEW,S33a4382,,,(1803,82),"Dancing With The Gales",S33a
REVIEW,S33a4382,,,(2482,64),"Nurses",S33a
REVIEW,S33a4392,,,(1805,75),"Laid Back Feel",S33a
REVIEW,S33a4392,,,(2482,65),"Old Boxes",S33a
REVIEW,S33a4402,,,(541,62),"Arpometers",S33a
REVIEW,S33a4402,,,(2483,72),"Rocky Rockers",S33a
REVIEW,S33a4412,,,(1805,23),"Horizons Unseen",S33a
REVIEW,S33a4412,,,(2483,73),"Soda",S33a
REVIEW,S33a4422,,,(564,64),"Living To Show Off",S33a
REVIEW,S33a4422,,,(2483,74),"Tall Windows",S33a
REVIEW,S33a4432,,,(1107,62),"Lost In Quiet Pain",S33a
REVIEW,S33a4432,,,(2483,75),"The Place",S33a
REVIEW,S33a4492,,,(544,65),"Housed Secrets",S33a
REVIEW,S33a4492,,,(2518,54),"Capitol",S33a
REVIEW,S33a4502,,,(1807,13),"Dream Shimmer",S33a
REVIEW,S33a4502,,,(2518,55),"Hurt",S33a
REVIEW,S33a4512,,,(1110,64),"Setting Hard",S33a
REVIEW,S33a4512,,,(2518,56),"Pained",S33a
REVIEW,S33a4522,,,(1805,25),"Try Remembering Those",S33a
REVIEW,S33a4522,,,(2518,57),"Pulsing",S33a
REVIEW,S33a4532,,,(545,64),"In My New Shoes",S33a
REVIEW,S33a4532,,,(2518,58),"Sea",S33a
REVIEW,S33a4542,,,(1676,63),"Around Rivers",S33a
REVIEW,S33a4542,,,(2518,59),"Stay",S33a
REVIEW,S33a4552,,,(1676,64),"Gas Freestyle",S33a
REVIEW,S33a4552,,,(2518,60),"The Backyard",S33a
REVIEW,S33a4562,,,(778,1),"The Bathroom",S33a
REVIEW,S33a4562,,,(1111,64),"Dark Party Games",S33a
REVIEW,S33a4572,,,(2518,61),"The Cells",S33a
REVIEW,S33a4572,,,(3842,27),"Watch Them",S33a
REVIEW,S33a4582,,,(1805,77),"Hypnotize",S33a
REVIEW,S33a4582,,,(2518,62),"The Basement",S33a
REVIEW,S33a4592,,,(1803,84),"Party Republic",S33a
REVIEW,S33a4592,,,(2515,60),"The Garage",S33a
REVIEW,S33a4602,,,(561,37),"The Hallway",S33a
REVIEW,S33a4602,,,(1112,64),"That Is Good",S33a
REVIEW,S33a4612,,,(561,38),"The Pool",S33a
REVIEW,S33a4612,,,(1803,85),"Cosmic Dreams",S33a
REVIEW,S33a4622,,,(213,16),"The Roof",S33a
REVIEW,S33a4622,,,(1700,95),"Urban Ghosts",S33a
REVIEW,S33a4632,,,(1803,50),"Gathered Together",S33a
REVIEW,S33a4632,,,(2518,63),"The Rooms",S33a
REVIEW,S33a4642,,,(1679,64),"Running Mate",S33a
REVIEW,S33a4642,,,(2518,64),"The Table",S33a
REVIEW,S33a4652,,,(548,64),"Trip To Arena",S33a
REVIEW,S33a4652,,,(2518,65),"Votes",S33a
REVIEW,S33a4662,,,(1803,51),"Vibing Tonight",S33a
REVIEW,S33a4662,,,(2518,66),"Lifes A Journey",S33a
REVIEW,S33a4672,,,(549,66),"Fun Wires And Words",S33a
REVIEW,S33a4672,,,(2518,67),"Toy Cars",S33a
REVIEW,S33a4682,,,(549,67),"After Work Fun",S33a
REVIEW,S33a4682,,,(2518,68),"Overboard",S33a
REVIEW,S33a4692,,,(1115,66),"Big Drop Hits",S33a
REVIEW,S33a4692,,,(2518,69),"Small Jobs",S33a
REVIEW,S33a4702,,,(1805,32),"If Guilty",S33a
REVIEW,S33a4702,,,(2534,2),"Bulldogs",S33a
REVIEW,S33a4712,,,(1345,1),"New Places",S33a
REVIEW,S33a4712,,,(3854,16),"About To Start Actions",S33a
REVIEW,S33a4722,,,(1805,78),"Back To Good Old Swing",S33a
REVIEW,S33a4722,,,(2535,59),"Roofs",S33a
REVIEW,S33a4732,,,(2534,43),"Old Stories",S33a
REVIEW,S33a4732,,,(3844,8),"Between Stoplights",S33a
REVIEW,S33a4742,,,(1807,10),"Hands Of Night",S33a
REVIEW,S33a4742,,,(2534,44),"Sweet Beat",S33a
REVIEW,S33a4752,,,(1805,79),"Counting Fault Lines",S33a
REVIEW,S33a4752,,,(2541,67),"Unfazed",S33a
REVIEW,S33a4762,,,(1805,80),"Tension Without End",S33a
REVIEW,S33a4762,,,(2646,71),"Awake",S33a
REVIEW,S33a4772,,,(1816,66),"Footfalls Of Restraint",S33a
REVIEW,S33a4772,,,(2540,62),"Cherry Colors",S33a
REVIEW,S33a4782,,,(553,63),"Letters To Who",S33a
REVIEW,S33a4782,,,(2542,62),"High Tops",S33a
REVIEW,S33a4792,,,(1816,59),"Ticket To Wellness",S33a
REVIEW,S33a4792,,,(2541,68),"All Access",S33a
REVIEW,S33a4802,,,(1119,63),"Rhythm Of These Nights",S33a
REVIEW,S33a4802,,,(2545,35),"Arriving",S33a
REVIEW,S33a4812,,,(1817,2),"In My Big Pocket",S33a
REVIEW,S33a4812,,,(2542,63),"Backstage Pass",S33a
REVIEW,S33a4822,,,(554,64),"Ambient Dark Palm Vibes",S33a
REVIEW,S33a4822,,,(2542,64),"Blue Trees",S33a
REVIEW,S33a4832,,,(1817,3),"Across The Distance",S33a
REVIEW,S33a4832,,,(2543,64),"Chicago Bars",S33a
REVIEW,S33a4842,,,(556,65),"Ending Tape Reels",S33a
REVIEW,S33a4842,,,(2543,65),"Chilling",S33a
REVIEW,S33a4852,,,(1817,4),"Last Night On The Clock",S33a
REVIEW,S33a4852,,,(2543,66),"Chronicals",S33a
REVIEW,S33a4862,,,(557,61),"Rust On The Carousel",S33a
REVIEW,S33a4862,,,(2543,67),"City Walk",S33a
REVIEW,S33a4872,,,(1817,5),"If You Think About It",S33a
REVIEW,S33a4872,,,(2543,68),"Decisions In Making",S33a
REVIEW,S33a4882,,,(565,55),"Like A Good Fast Ride",S33a
REVIEW,S33a4882,,,(2543,69),"Double Step",S33a
REVIEW,S60a1002,,,(2358,41),"In The Morning",S60a
REVIEW,S60a1002,,,(2862,32),"Aurora Borealis",S60a
REVIEW,S60a1012,,,(2358,42),"Jesus Freaks",S60a
REVIEW,S60a1012,,,(2884,46),"Step Into The Sea",S60a
REVIEW,S60a1022,,,(2358,43),"Jivin Girl",S60a
REVIEW,S60a1022,,,(2886,41),"Tensity",S60a
REVIEW,S60a1032,,,(1702,3),"LA Yazz",S60a
REVIEW,S60a1032,,,(2889,8),"Seattle Rippin'",S60a
REVIEW,S60a1042,,,(2358,44),"Left Behind",S60a
REVIEW,S60a1042,,,(2891,9),"Basement Dweller",S60a
REVIEW,S60a1052,,,(2358,45),"Looking For Alaska",S60a
REVIEW,S60a1052,,,(2919,3),"Meeting Of The Mice",S60a
REVIEW,S60a1062,,,(1815,60),"Pop Your Collar",S60a
REVIEW,S60a1062,,,(2358,46),"Lotta Fun",S60a
REVIEW,S60a1072,,,(2358,47),"Pluckety Pluck Pluck",S60a
REVIEW,S60a1072,,,(2925,32),"Radio Guitars",S60a
REVIEW,S60a1082,,,(162,4),"Poor Jimmy",S60a
REVIEW,S60a1082,,,(2949,4),"Show Me Your Love",S60a
REVIEW,S60a1092,,,(162,5),"Run For Cover 2",S60a
REVIEW,S60a1092,,,(2953,31),"Animals Are Playing",S60a
REVIEW,S60a1102,,,(162,6),"Spy Games",S60a
REVIEW,S60a1102,,,(1802,52),"Stomp Yo Feet",S60a
REVIEW,S60a1112,,,(2382,3),"Super Based",S60a
REVIEW,S60a1112,,,(2987,13),"Big Ol' Stomp",S60a
REVIEW,S60a1122,,,(1805,58),"Only Heartache",S60a
REVIEW,S60a1122,,,(2358,48),"The March",S60a
REVIEW,S60a1132,,,(1802,56),"Cali Sunrise",S60a
REVIEW,S60a1132,,,(2358,49),"Too Much Glam",S60a
REVIEW,S60a1142,,,(1815,61),"Get Down Tonight",S60a
REVIEW,S60a1142,,,(2380,1),"Vibin",S60a
REVIEW,S60a1152,,,(2357,65),"Baby Brooding",S60a
REVIEW,S60a1152,,,(3028,30),"Draggy Drums",S60a
REVIEW,S60a1162,,,(1815,62),"Blood Red",S60a
REVIEW,S60a1162,,,(2358,50),"Degenerate Me",S60a
REVIEW,S60a1172,,,(2358,51),"Like A Rocket",S60a
REVIEW,S60a1172,,,(3036,13),"Swingin' Moos",S60a
REVIEW,S60a1182,,,(1815,63),"Still Darkness",S60a
REVIEW,S60a1182,,,(2358,52),"Somewhat Swampy",S60a
REVIEW,S60a1192,,,(1293,3),"Third Eye",S60a
REVIEW,S60a1192,,,(3077,39),"Boom Boys",S60a
REVIEW,S60a1202,,,(1293,4),"Dancing Class",S60a
REVIEW,S60a1202,,,(3068,6),"NYC Real",S60a
REVIEW,S60a1212,,,(2358,53),"In The Mist",S60a
REVIEW,S60a1212,,,(3080,26),"Exposition Times",S60a
REVIEW,S60a1222,,,(2358,54),"The Lonely Ones",S60a
REVIEW,S60a1222,,,(3098,13),"Made To Look",S60a
REVIEW,S60a1232,,,(1804,58),"Ripper Boy",S60a
REVIEW,S60a1232,,,(2358,55),"Through A Dream",S60a
REVIEW,S60a1242,,,(1805,61),"Being The Best You Can Be",S60a
REVIEW,S60a1242,,,(2358,56),"Titan",S60a
REVIEW,S60a1252,,,(1802,59),"I Know It's Over",S60a
REVIEW,S60a1252,,,(2358,57),"Wade In The Water",S60a
REVIEW,S60a1262,,,(1805,62),"Partying In The 60s",S60a
REVIEW,S60a1262,,,(2358,58),"Young Royalty",S60a
REVIEW,S60a1272,,,(1802,60),"Dirt Diggin'",S60a
REVIEW,S60a1272,,,(2382,4),"Dream State",S60a
REVIEW,S60a1282,,,(1815,65),"Pulsing Things",S60a
REVIEW,S60a1282,,,(2360,21),"Kaleidoscope Eyes",S60a
REVIEW,S60a1292,,,(1293,5),"Nightflight",S60a
REVIEW,S60a1292,,,(3147,17),"Driving It Up",S60a
REVIEW,S60a1302,,,(1802,61),"Needing Time",S60a
REVIEW,S60a1302,,,(2382,5),"On The Banks",S60a
REVIEW,S60a1312,,,(1815,66),"Wild Turn Of Events",S60a
REVIEW,S60a1312,,,(2358,59),"Down To Drive",S60a
REVIEW,S60a1322,,,(1815,69),"Synergy Meeting",S60a
REVIEW,S60a1322,,,(2358,60),"Hysteria 2",S60a
REVIEW,S60a1332,,,(1804,61),"Don't Mind In The Slightest",S60a
REVIEW,S60a1332,,,(2359,10),"James Brown Wannabe",S60a
REVIEW,S60a1342,,,(1815,73),"As Far As I Can See",S60a
REVIEW,S60a1342,,,(2359,11),"La La Love Me",S60a
REVIEW,S60a1352,,,(2359,35),"On The Vine",S60a
REVIEW,S60a1352,,,(3227,14),"Very Low Feelings",S60a
REVIEW,S60a1362,,,(1802,64),"Majestic Mood",S60a
REVIEW,S60a1362,,,(2359,36),"Phantom",S60a
REVIEW,S60a1372,,,(1802,65),"A Narc Among Us",S60a
REVIEW,S60a1372,,,(2359,37),"Drunk In The City",S60a
REVIEW,S60a1382,,,(1802,67),"Battleship Dueling",S60a
REVIEW,S60a1382,,,(2359,38),"Oh Yeah 2",S60a
REVIEW,S60a1392,,,(1802,69),"We Came Here To Party",S60a
REVIEW,S60a1392,,,(2359,39),"Time To Reset",S60a
REVIEW,S60a1402,,,(2359,40),"Devil Moves",S60a
REVIEW,S60a1402,,,(3324,21),"Flower Survive",S60a
REVIEW,S60a1412,,,(1548,66),"Cute Plucks",S60a
REVIEW,S60a1412,,,(2359,41),"Dis Guy",S60a
REVIEW,S60a1422,,,(2359,42),"Dude Its Fun",S60a
REVIEW,S60a1422,,,(3360,13),"Imma Hustler",S60a
REVIEW,S60a1432,,,(728,3),"Moon And Sun",S60a
REVIEW,S60a1432,,,(1802,74),"Schmaltzing Away",S60a
REVIEW,S60a1472,,,(1815,77),"Club Moving",S60a
REVIEW,S60a1472,,,(2359,45),"Manic Repression",S60a
REVIEW,S60a1482,,,(1802,78),"Plunky Punk",S60a
REVIEW,S60a1482,,,(2359,46),"Country Fried Steak",S60a
REVIEW,S60a1492,,,(2359,47),"Filled To The Brim",S60a
REVIEW,S60a1492,,,(3465,33),"Electric Carnival",S60a
REVIEW,S60a1502,,,(2359,48),"Silly Billy",S60a
REVIEW,S60a1502,,,(3468,23),"C'Mere You",S60a
REVIEW,S60a1512,,,(1815,78),"Look Around Here",S60a
REVIEW,S60a1512,,,(2359,49),"It Was Built For Speed",S60a
REVIEW,S60a1522,,,(1815,80),"Help Them Please",S60a
REVIEW,S60a1522,,,(2359,50),"Flashback To The Future",S60a
REVIEW,S60a1532,,,(1804,67),"Dance Party Night",S60a
REVIEW,S60a1532,,,(2359,51),"Good To Go",S60a
REVIEW,S60a1542,,,(1707,93),"Fire Fight",S60a
REVIEW,S60a1542,,,(2359,52),"Kick Run Shoot",S60a
REVIEW,S60a1552,,,(1799,42),"Jump The Vibe",S60a
REVIEW,S60a1552,,,(2359,53),"Night Time Is The Right Time",S60a
REVIEW,S60a1562,,,(1815,84),"Coming Back Home",S60a
REVIEW,S60a1562,,,(2359,54),"Slow And Stupid",S60a
REVIEW,S60a1572,,,(1803,61),"A Higher Class",S60a
REVIEW,S60a1572,,,(2359,55),"The Confrontation",S60a
REVIEW,S60a1582,,,(1804,71),"Stay Vibin' Out",S60a
REVIEW,S60a1582,,,(2359,56),"Thinking Of The West",S60a
REVIEW,S60a1592,,,(2359,57),"Your Elegance",S60a
REVIEW,S60a1592,,,(3543,19),"We Like To Vibe",S60a
REVIEW,S60a1602,,,(1815,85),"Ayo Groove",S60a
REVIEW,S60a1602,,,(2359,58),"Anubis",S60a
REVIEW,S60a1612,,,(1806,71),"Lay It Back Now",S60a
REVIEW,S60a1612,,,(2474,56),"Beast Of Bourbon",S60a
REVIEW,S60a1642,,,(2474,59),"Swamps Of Jersey",S60a
REVIEW,S60a1642,,,(3747,1),"A Snoopy One",S60a