"sku_root","title","composer_id","lot","created_at","has_mix_stems","has_b2","local_audio_count","issues"
"C53a4864","Cowboy Intuition","C53a","260708_TEXAS WIVES_3","2026-07-14","yes","yes","7",""
"R15a3654","Gravel And Go","R15a","260701_TEXAS WIVES_1","2026-07-01","yes","yes","0","NO AUDIO IN SHIPPING"
"R25a4414","Dust In The Bones","R25a","260707_TEXAS WIVES_2","2026-07-07","yes","yes","0","NO AUDIO IN SHIPPING"
"R46a8244","Too Late Lucy","R46a","260708_TEXAS WIVES_3","2026-07-14","yes","yes","10",""
"R48a5204","Big Sky Dive","R48a","260701_TEXAS WIVES_1","2026-07-01","yes","yes","0","NO AUDIO IN SHIPPING"
"R48a5214","Copperhead Ridge","R48a","260701_TEXAS WIVES_1","2026-07-01","yes","yes","0","NO AUDIO IN SHIPPING"
"R48a5224","Freedom Lane","R48a","260701_TEXAS WIVES_1","2026-07-01","yes","yes","0","NO AUDIO IN SHIPPING"
"R48a5234","Heartland Highway","R48a","260701_TEXAS WIVES_1","2026-07-01","yes","yes","0","NO AUDIO IN SHIPPING"
"R48a5244","Mustang Country","R48a","260701_TEXAS WIVES_1","2026-07-02","yes","yes","0","NO AUDIO IN SHIPPING"
"R48a5254","Raising Hell","R48a","260701_TEXAS WIVES_1","2026-07-02","yes","yes","0","NO AUDIO IN SHIPPING"
"R48a5274","Rodeo Babes","R48a","260701_TEXAS WIVES_1","2026-07-02","yes","yes","0","NO AUDIO IN SHIPPING"
"R48a5284","Side Winder","R48a","260701_TEXAS WIVES_1","2026-07-02","yes","yes","0","NO AUDIO IN SHIPPING"
"R48a5294","Texas Gold","R48a","260701_TEXAS WIVES_1","2026-07-02","yes","yes","0","NO AUDIO IN SHIPPING"
"R48a5304","The Last Rider","R48a","260701_TEXAS WIVES_1","2026-07-02","yes","yes","0","NO AUDIO IN SHIPPING"
"R48a5314","Comanche Revenge","R48a","260707_TEXAS WIVES_2","2026-07-07","yes","yes","6",""
"R48a5324","Desert Whispers","R48a","260707_TEXAS WIVES_2","2026-07-07","yes","yes","6",""
"R48a5334","I Know What I Want Tex Sexy Vocals","R48a","260701_TEXAS WIVES_1","2026-07-07","yes","yes","0","NO AUDIO IN SHIPPING"
"R48a5334","I Know What I Want Tex Sexy Vocals","R48a","260707_TEXAS WIVES_2","2026-07-07","yes","yes","0","NO AUDIO IN SHIPPING"
"R48a5364","Sage Wisdom","R48a","260707_TEXAS WIVES_2","2026-07-08","yes","yes","6",""
"R48a5374","Scorpion","R48a","260707_TEXAS WIVES_2","2026-07-08","yes","yes","4",""
"R48a5384","The Last Sundown","R48a","260707_TEXAS WIVES_2","2026-07-08","yes","yes","5",""
"R48a5404","Treat Me Right","R48a","260707_TEXAS WIVES_2","2026-07-08","yes","yes","6",""
"R48a5414","Black Gold","R48a","260708_TEXAS WIVES_3","2026-07-14","yes","yes","5",""
"R48a5424","I Ain't Perfect","R48a","260708_TEXAS WIVES_3","2026-07-14","yes","yes","5",""
"R48a5434","I'll Be The Judge","R48a","260708_TEXAS WIVES_3","2026-07-14","yes","yes","5",""
"R48a5454","It's Hard To Do Right","R48a","260708_TEXAS WIVES_3","2026-07-14","yes","yes","4",""
"R48a5464","It's Rough Out There","R48a","260708_TEXAS WIVES_3","2026-07-14","yes","yes","5",""
"R48a5474","Night Blinded","R48a","260708_TEXAS WIVES_3","2026-07-14","yes","yes","6",""
"R48a5484","Some Rules","R48a","260708_TEXAS WIVES_3","2026-07-14","yes","yes","5",""
"R48a5494","The Cowboy's Last Stand","R48a","260708_TEXAS WIVES_3","2026-07-14","yes","yes","5",""
"R48a5504","Velvet Ranch","R48a","260708_TEXAS WIVES_3","2026-07-14","yes","yes","5",""
"R82a8764","Rattlesnake Boogie","R82a","260701_TEXAS WIVES_1","2026-07-02","yes","yes","6",""
"R82a8774","A Long Way Home","R82a","260701_TEXAS WIVES_1","2026-07-02","yes","yes","0","NO AUDIO IN SHIPPING"
"R82a8784","Eagles Flight","R82a","260701_TEXAS WIVES_1","2026-07-02","yes","yes","0","NO AUDIO IN SHIPPING"
"R82a8794","Meet At High Noon","R82a","260701_TEXAS WIVES_1","2026-07-02","yes","yes","0","NO AUDIO IN SHIPPING"
"R82a8804","Prariie Flower","R82a","260701_TEXAS WIVES_1","2026-07-02","yes","yes","0","NO AUDIO IN SHIPPING"
"R82a8814","Desert Standoff","R82a","260701_TEXAS WIVES_1","2026-07-02","yes","yes","0","NO AUDIO IN SHIPPING"
"R82a8824","Big Sky Country","R82a","260707_TEXAS WIVES_2","2026-07-08","yes","yes","0","NO AUDIO IN SHIPPING"
"R82a8834","Time's Up Cowboy","R82a","260707_TEXAS WIVES_2","2026-07-08","yes","yes","0","NO AUDIO IN SHIPPING"
"R82a8844","Lonesome Moon","R82a","260708_TEXAS WIVES_3","2026-07-14","yes","yes","7",""
"R82a8854","Snakeskin Boots","R82a","260708_TEXAS WIVES_3","2026-07-14","yes","yes","0","NO AUDIO IN SHIPPING"
"R93c0014","Dusty Wind","R93c","260708_TEXAS WIVES_3","2026-07-14","yes","yes","6",""
"R93c0024","Gold Digger's Delight","R93c","260708_TEXAS WIVES_3","2026-07-14","yes","yes","6",""
"R93c0034","Midnight Rust","R93c","260708_TEXAS WIVES_3","2026-07-14","yes","yes","6",""
"R93c0044","Mistreated","R93c","260708_TEXAS WIVES_3","2026-07-14","yes","yes","6",""
"R93c0054","Muddy River","R93c","260708_TEXAS WIVES_3","2026-07-14","yes","yes","6",""
"R93c0064","Pick Me Up Baby","R93c","260708_TEXAS WIVES_3","2026-07-14","yes","yes","7",""
"R93c0074","True Grit","R93c","260708_TEXAS WIVES_3","2026-07-14","yes","yes","6",""
"S13a4154","After Champagne","S13a","260707_TEXAS WIVES_2","2026-07-08","yes","yes","8",""
"S13a4164","Canyon Smoke","S13a","260707_TEXAS WIVES_2","2026-07-08","yes","yes","7",""
"S13a4174","Country Couture","S13a","260707_TEXAS WIVES_2","2026-07-08","yes","yes","7",""
"S13a4184","On The Dark Horizon","S13a","260707_TEXAS WIVES_2","2026-07-08","yes","yes","7",""
"S13a4194","Diamond Dust","S13a","260707_TEXAS WIVES_2","2026-07-08","yes","yes","9",""
"S13a4204","Dust Never Sleeps","S13a","260707_TEXAS WIVES_2","2026-07-08","yes","yes","7",""
"S20d0944","Desert Whammy","S20D","260707_TEXAS WIVES_2","2026-07-08","yes","yes","5",""
"S20d0954","De Twangled","S20D","260707_TEXAS WIVES_2","2026-07-08","yes","yes","6",""
"S20d0964","Econolane","S20D","260707_TEXAS WIVES_2","2026-07-08","yes","yes","8",""
"S20d0974","Herban Texas","S20D","260707_TEXAS WIVES_2","2026-07-08","yes","yes","9",""
"S20d0984","Ennio One Will Do","S20D","260707_TEXAS WIVES_2","2026-07-08","yes","yes","6",""
"S20d0994","Nice Melons","S20D","260707_TEXAS WIVES_2","2026-07-08","yes","yes","8",""
"S20d1004","Nunzio The Outlaw","S20D","260707_TEXAS WIVES_2","2026-07-08","yes","yes","8",""
"S20d1014","Party Texas Style","S20D","260707_TEXAS WIVES_2","2026-07-08","yes","yes","9",""
"S20d1024","Rockin","S20D","260707_TEXAS WIVES_2","2026-07-08","yes","yes","8",""
"S20d1034","Sexxy Texy","S20D","260707_TEXAS WIVES_2","2026-07-08","yes","yes","7",""
"S20d1044","Texas Rattler","S20D","260707_TEXAS WIVES_2","2026-07-08","yes","yes","7",""
"S20d1054","Twainy Lainey","S20D","260707_TEXAS WIVES_2","2026-07-08","yes","yes","8",""
"S20d1064","Slidin' Into Your EDMs","S20D","260708_TEXAS WIVES_3","2026-07-14","yes","yes","0","NO AUDIO IN SHIPPING"
"S20d1074","Texas Trance","S20D","260708_TEXAS WIVES_3","2026-07-14","yes","yes","0","NO AUDIO IN SHIPPING"
"S33a48854","Barefoot Mornings","S33a","260701_TEXAS WIVES_1","2026-07-02","yes","yes","0","NO AUDIO IN SHIPPING"
"S33a48864","Eyes Meet Again","S33a","260701_TEXAS WIVES_1","2026-07-02","yes","yes","0","NO AUDIO IN SHIPPING"
"S33a48874","Feel Great Today","S33a","260701_TEXAS WIVES_1","2026-07-02","yes","yes","0","NO DESCRIPTION; NO AUDIO IN SHIPPING"
"S33a48884","Heartstrings In Love","S33a","260701_TEXAS WIVES_1","2026-07-02","yes","yes","0","NO AUDIO IN SHIPPING"
"S33a48894","Holding You For Keeps","S33a","260701_TEXAS WIVES_1","2026-07-02","yes","yes","0","NO DESCRIPTION; NO AUDIO IN SHIPPING"
"S33a48904","Imperfect Feelings","S33a","260701_TEXAS WIVES_1","2026-07-02","yes","yes","5","NO DESCRIPTION"
"S33a48914","No Shadows Left","S33a","260701_TEXAS WIVES_1","2026-07-02","yes","yes","5",""
"S33a48924","Nothing Matters More","S33a","260701_TEXAS WIVES_1","2026-07-02","yes","yes","5",""
"S33a48934","Postcards From Better Places","S33a","260701_TEXAS WIVES_1","2026-07-02","yes","yes","5",""
"S33a48944","Slow Dry Wind","S33a","260701_TEXAS WIVES_1","2026-07-02","yes","yes","5",""
"S33a48954","The Dry Sand Caravans","S33a","260701_TEXAS WIVES_1","2026-07-02","yes","yes","5",""
"S33a48964","Those Brighter Days","S33a","260701_TEXAS WIVES_1","2026-07-02","yes","yes","5",""
"S33a48974","Whispers Of The Dark Wind","S33a","260707_TEXAS WIVES_2","2026-07-02","yes","yes","5",""
"S33a48984","All The Money Is Burning Down","S33a","260707_TEXAS WIVES_2","2026-07-08","yes","yes","5",""
"S33a48994","Alone With Money","S33a","260708_TEXAS WIVES_3","2026-07-08","yes","yes","5",""
"S33a49004","They're Almost There","S33a","260708_TEXAS WIVES_3","2026-07-08","yes","yes","7",""
"S33a49014","Back To When It Was Good","S33a","260708_TEXAS WIVES_3","2026-07-08","yes","yes","7",""
"S33a49024","Backroad Radio","S33a","260708_TEXAS WIVES_3","2026-07-08","yes","yes","7",""
"S33a49034","Barnlight Steps","S33a","260708_TEXAS WIVES_3","2026-07-08","yes","yes","7",""
"S33a49044","Begin Bright Tomorrow","S33a","260708_TEXAS WIVES_3","2026-07-08","yes","yes","7",""
"S33a49054","Down Main Street","S33a","260708_TEXAS WIVES_3","2026-07-08","yes","yes","7",""
"S33a49064","Dust And Dunes","S33a","260708_TEXAS WIVES_3","2026-07-08","yes","yes","7",""
"S33a49074","Among These Trees","S33a","260708_TEXAS WIVES_3","2026-07-14","yes","yes","7",""