SKUROOT,TITLE
R13a0011,Activate
R13a0021,Bike Messenger
R13a0031,Bullit
R13a0041,Gotenburger
R13a0051,Holidayz
R13a0061,Maitre D
R13a0071,Oberlinn
R13a0081,Bourdon
R13a0091,Reservoir
R13a0101,Sneaky Leak
R13a0111,Spring In The CityCreepy
R13a0121,Swank
R13a0131,Tempere
R13a0141,Bikini Baby
R13a0151,Greetings
R13a0161,Industry
R13a0171,Jaja
R13a0181,Le Top
R13a0191,On The Trail
R13a0201,Strollin
R13a0211,Treve
R13a0221,Bounce
R13a0231,A Land Down Under
R13a0241,Self Shelf
R13a0251,Madison
R13a0261,Time Is
R13a0271,Weekend
R13a0281,Dont Wait 2
R13a0291,Shvag
R13a0301,Sid Vargas
R13a0311,Fun And Games
R13a0321,Gravities
R13a0331,Copa
R13a0341,Kabuking
R13a0351,Dance Dance
R13a0361,LA Grand
R13a0371,Mazil
R13a0381,Ophtal
R13a0391,TRUE
R13a0401,Seesaw
R13a0411,Shift 4
R13a0421,The Barrel
R13a0431,World Travel
R13a0441,Eighty Four
R13a0451,Dark Rainy Day
R13a0461,Pearl Diamonds
R13a0471,Carter
R13a0481,Hardstone
R13a0491,One
R13a0501,Novo
R13a0511,The Zim
R13a0521,Gali
R13a0531,Super H
R13a0541,Inns
R13a0551,Narrow Street Chase
R13a0561,Corco
R13a0571,Move Again
R13a0581,Fiesta
R13a0591,Hustle
R13a0601,Pop 40
R13a0611,Today Was A Good Day
R13a0621,Kruger
R13a0631,Mike Angelo
R13a0641,Rock Italy
R13a0651,Cousin Marvin
R13a0661,Funky Onions
R13a0671,Opening Plain
R13a0681,Riffing
R13a0691,Hotplay
R13a0701,Door Rock
R13a0711,On The Wall
R13a0721,Sweet Shuffle
R13a0731,Backroads
R13a0741,B Roll
R13a0751,Looking Down
R13a0761,Respects
R13a0771,Super Champ
R13a0781,Blue Flying
R13a0791,Stripes
R13a0801,White Tiger
R13a0811,Gloomster
R13a0821,Foxy Roxy
R13a0831,You
R13a0841,Keeping Right
R13a0851,Digital Cowboys
R13a0861,Jimi Jam
R13a0871,Omni
R13a0881,Phishing
R13a0891,Shine
R13a0901,Heating Up
R13a0911,Necking
R13a0921,Bayou In The BK
R13a0931,Browsing
R13a0941,Daytime Drinking
R13a0951,Stranded
R13a0961,Pop Weasel
R13a0971,Change
R13a0981,Snow Day
R13a0991,The Way Back
R13a10003,Off The Grid
R13a10013,On The Prowl
R13a10023,Slow Crawl
R13a10033,Small Threat
R13a10043,Steady Surely
R13a10053,Darkest Before Dawn
R13a10063,Come Over Here
R13a10073,Rock The Rueben
R13a10083,Run Straight Back
R13a10093,Tre Right
R13a10103,Clock It
R13a1011,Thompson
R13a10113,Trespassing
R13a10123,One Foot At A Time
R13a10133,Fastest Escape Route
R13a10143,If I May
R13a10153,It's All Over
R13a10163,"Around, Up And Down"
R13a10173,Motion Sensor
R13a10183,Senior Serum
R13a10193,Left And Right
R13a10203,Look For It
R13a1021,Yogg
R13a10213,Rounding Out
R13a10223,Bicycle Daydream
R13a10233,Day Of The Drones
R13a10243,Hats Off
R13a10253,How Ever
R13a10263,Going Off Grid
R13a10273,All The Way Home
R13a10283,Clear Horizons
R13a10293,So Far So Good
R13a10303,Beautiful Spots
R13a1031,Proof
R13a10313,Magic Roar
R13a10323,By The Yard
R13a10333,Perpetual Promise
R13a10343,Thinking It Over
R13a10353,Will Or Won't
R13a10363,Trading Sideways
R13a10373,TBD
R13a10383,That Southern Charm
R13a10393,Some Time Apart
R13a10403,Slow Shift
R13a1041,Shopping
R13a10413,Slight Twitch
R13a10423,Run For Shelter
R13a10433,Ride The Pick Up
R13a10443,Out In The Open
R13a10453,One Foot Up
R13a10463,Latest One
R13a10473,Hazards Ahead
R13a10483,Half Speed
R13a10493,Deep In Thoughts
R13a10503,Cattle Valley
R13a1051,Aftershock
R13a10513,"All Out, All In"
R13a10523,Cold Pour
R13a10533,Floor And Drapes
R13a10543,The Rumble
R13a10553,Finding Redemption
R13a10563,Wasting Time
R13a10573,High Speed Mary
R13a10583,Full Clown Car
R13a10593,Self Soothe
R13a10603,Slow Moving C
R13a1061,Coldifide
R13a10613,The Pendulum
R13a10623,Count And Recount
R13a10633,New And Old
R13a10643,Suspense On The Mall
R13a10653,Getting Too Close
R13a10663,Agree To Disagree
R13a10673,Dark Celebration
R13a10683,First Vote
R13a10693,Guard Change
R13a10703,The New Weird
R13a1071,Floating Lotus
R13a10713,Wide Aisle
R13a10723,Are You Serious?
R13a10733,Jumping Through Hoops
R13a10743,Longing For Change
R13a10753,View From Above
R13a10763,Heads Of States
R13a10773,Going Up And Down
R13a10783,Dark Blue Light
R13a10793,On The Brink
R13a10803,Then Or Now
R13a1081,Raise
R13a10813,Blissful
R13a10823,Deer In The World
R13a10833,Happening
R13a10843,Another Dawn
R13a10853,Wire Tapped
R13a10863,Stroll To The Finish
R13a10873,Pack Your Bags
R13a10883,Almost Out
R13a10893,Night Dog Walk
R13a10903,Nite Sesh
R13a1091,Scavenger
R13a10913,The Big Awe
R13a10923,Flying Under The Radar
R13a10933,Caught Day Dreaming
R13a10943,Power On
R13a10953,Winner Chicken Dinner
R13a10963,The Grind
R13a10973,Look Out Below
R13a10983,Futubotic
R13a10993,Fuse Drive
R13a11003,Flying High Again
R13a1101,Compost
R13a11013,Databaser
R13a11023,Place To Be
R13a11033,Big Riff
R13a11043,And You Don't Stop
R13a11053,Whole Half
R13a11063,Coming Down
R13a11073,Get Reconnected
R13a11083,Wholly Unexpected
R13a11093,Checking The Scene
R13a11103,Guapo Loco
R13a1111,Forward Madness
R13a11113,Keep On The Look Out
R13a11123,Darkness Lingering
R13a11133,Lower Ground
R13a11143,Bottom Of The Pile
R13a11153,Round Table
R13a11163,Cut The Check
R13a11173,Always Late
R13a11183,String Of Hearts
R13a11193,Too Many Options
R13a11203,Busted Face
R13a1121,New Energy
R13a11213,Hot Trot
R13a11223,Positive Point
R13a11233,Right Outside
R13a11243,Scavenger Hunt
R13a11253,Dog Tags
R13a11263,Heavy Mud
R13a11273,Keep Marching On
R13a11283,Almost Guilty
R13a11293,Distant Sound
R13a11303,Fingers Crossed
R13a1131,TruLove
R13a11313,Kitchen Game
R13a11323,Wrong Place
R13a11333,Tense Slow Crawl
R13a11343,The Road To Peace
R13a11353,Journey Through The Clouds
R13a11363,Slow Stormin'
R13a11373,Examplify
R13a11383,Dark Caves
R13a11393,Flying Low
R13a11403,Apples To Apples
R13a1141,Up And On
R13a11413,Against All Odds
R13a11423,It's Everywhere
R13a11433,Full On
R13a11443,Final Reminder
R13a11453,Slow Moving
R13a11463,Driver's Seat
R13a11473,React Enact
R13a11483,Back In Forth In My Mind
R13a11493,Wee Hours
R13a11503,Bad Treats
R13a1151,Next Day
R13a11513,Returns
R13a11523,Halt And Snap
R13a11533,Pretending
R13a11543,Don't Count Me Out
R13a11553,Here We Go Now
R13a11563,The Three Of Us
R13a11573,No Need For You
R13a11583,Follow Us
R13a11593,Newsing
R13a11603,Tipsing
R13a1161,Nowhere To Run To
R13a11613,Bubble Drag
R13a11623,Prison Is A Drag
R13a11633,Confident Strut
R13a11643,Enter Tall
R13a11653,In Circles
R13a11663,Look Back
R13a11673,Small Drama
R13a11683,Snooping Around Again
R13a11693,Roll Around
R13a11703,World Drag
R13a1171,Out The Window
R13a11713,Tipsies
R13a11723,Bubble Rap
R13a11733,Chatty Cathy
R13a11743,Dragster
R13a11753,Low Tipper
R13a11763,Comeback Trail
R13a11773,Open For Business
R13a11783,Pure Hustle
R13a11793,Tipping Over
R13a11803,Back In Style
R13a1181,Billys Day
R13a11813,"All Good, Baby"
R13a11823,Love Is Real
R13a11833,Bartay
R13a11843,Fab You Lous
R13a11853,In Good Time
R13a11863,Walk On The Runway
R13a11873,Straight Up And Down
R13a11883,Just A Sprinkle
R13a11893,A Sprinkle Of Magic Dust
R13a11903,More To Discover
R13a1191,Easy Breezy
R13a11913,Modazz
R13a11923,Soccer Dough
R13a11933,Bright Lights
R13a11943,Caught Off Guard
R13a11953,True Confidante
R13a11963,Shuffling Around
R13a11973,Slow Strut
R13a11983,Apple Picking
R13a11993,B Line
R13a12003,Bridging The Gap
R13a1201,Iron
R13a12013,First Building Blocks
R13a12023,Comes And Goes
R13a12033,Comfortable Ride
R13a12043,Country Living
R13a12053,Deer In The Yard
R13a12063,Coming Down To The Wire
R13a12073,Drive Through The Woods
R13a12083,Haddock Horn
R13a12093,How Does It Feel Now?
R13a12103,Down In The Mud
R13a1211,Life Ins
R13a12113,In The Air
R13a12123,Neck Slamming
R13a12133,New View
R13a12143,Not A Hot Mess
R13a12153,One Direction
R13a12163,Passed The Test
R13a12173,Sign The Deed
R13a12183,It's A Slam Dunk
R13a12193,Old Stomping Grounds
R13a12203,Sunday Reflections
R13a1221,Bembe Dancing
R13a12213,The Right Path
R13a12223,To The Studs
R13a12233,Trunking Down
R13a12243,Valley On Horseback
R13a12253,Why Yes
R13a12263,Wondering Down
R13a12273,C'est Doux
R13a12283,All Nighter
R13a12293,Big Danke
R13a12303,Biggest Entrance
R13a1231,Late Late Night
R13a12313,Brightest Lights
R13a12323,Charter Flight
R13a12333,Doing It More
R13a12343,Fun At Dusk
R13a12353,New Product
R13a12363,The Souff
R13a12373,Trappin Hard Too
R13a12383,Big Bright One
R13a12393,Low Pump
R13a12403,Perpetual Spring
R13a1241,Picnic
R13a12413,Stuff Strut
R13a12423,Walking In Place
R13a12433,Drop It Hot
R13a12443,Trappin' Down
R13a12453,High Funkster
R13a12463,Sun Set View
R13a12473,Visual Dunk
R13a12483,Big Window
R13a12493,Big Night Out
R13a12503,Lake Side
R13a1251,Draining
R13a12513,Rooftop View
R13a12523,The Avenues
R13a12533,Bang Bang
R13a12543,Don't Look Back Now
R13a12553,Tensing Up
R13a12563,You're So Far Away
R13a12573,Trappin' Fool
R13a12583,Beautiful Sunrise
R13a12593,Drinks Out Back
R13a12603,Hangover Central
R13a1261,Coating
R13a12613,Make A Grand Entrance
R13a12623,New Drama
R13a12633,Creepy Creep
R13a12643,Dark Back Alley
R13a12653,Late Night Streets
R13a12663,Long Day
R13a12673,Slow Fade
R13a12683,Check Me Out
R13a12693,Super Fabulous
R13a12703,Final Walk Through
R13a1271,Darkness
R13a12713,Tall And Proud
R13a12723,Food For Feud
R13a12733,Pump Pumps
R13a12743,Queen Bee
R13a12753,Thank You Drama
R13a12763,Up And On Again
R13a12773,Upbeat Rant
R13a12783,Bumpty Bump
R13a12793,In The Souf
R13a12803,All Around
R13a12813,Home On The Field
R13a1282,First
R13a12823,Reach The Rich
R13a12833,To Do List
R13a12843,Walk Of Fame
R13a12853,Happy Hours
R13a12863,Bad B
R13a12873,Ground Shaking
R13a12883,Relaxed On The Road
R13a12893,Off The Ground
R13a12903,Inter Rich
R13a12913,Nano Mod
R13a12923,Run Circles
R13a12933,Dirty Deed Done
R13a12943,Happier Hours
R13a12953,All Seasons
R13a12963,Wicked Hot Summer
R13a12973,Out Here
R13a12983,Summer Light
R13a12993,The V
R13a13003,Look Around
R13a1301,Positive Negative
R13a13013,Old New
R13a13023,Magnetic Lovers
R13a13033,Sweetest
R13a13043,Young Bones
R13a13053,Martha Summer
R13a13063,Taste Test
R13a13073,The Yard
R13a13083,Walking On Grapes
R13a13093,Wine Whine
R13a13103,Winethon
R13a1311,Pursuit
R13a13113,Dark And Late
R13a13123,Heavy Rain Storm
R13a13133,Metamorphosis
R13a13143,For Real
R13a13153,Hot And Bothered
R13a13163,Trouble In P
R13a13173,"Yes, Maybe"
R13a13183,Off To The Side
R13a13193,Tee Time
R13a13203,Trending Up
R13a13213,Dusk Till Dawn
R13a13223,Another Day
R13a13233,Too Many
R13a13243,Wine Down
R13a13253,Slow Crawl Back
R13a13263,Stress Distress
R13a13273,The Run Around
R13a13283,Good Fumes
R13a13293,8 Nation Strong
R13a13303,Watch Them Fall
R13a13313,On The Real
R13a13323,"So Far, So Good, Man"
R13a13333,Round And Around And Around
R13a13343,For It All
R13a13353,Gonna Try
R13a13363,Good Dayz
R13a13373,Wondering Around
R13a13383,Circle Back
R13a13393,I Remember
R13a13403,Some Kind Of Way
R13a13413,Walk On By
R13a13423,In The Mind
R13a13433,Smooth Talker
R13a13443,The Whole Damn Thing
R13a13453,Pumpin' Ain't Easy
R13a13463,Cook And Talk
R13a13473,It Was Yesterday
R13a13483,The Counter
R13a13493,Just You And Me
R13a13503,Kindda Hard
R13a1351,Suspense
R13a13513,Picnic With Jill
R13a13523,Straight Chill
R13a13533,Switch It Up
R13a13543,One Too Many
R13a13553,Xpression
R13a13563,Whole World
R13a13573,Yes Yes No
R13a13583,Float Like A Butterfly
R13a13593,Soft Step
R13a13603,To Her Side
R13a1361,This Is Not A Test
R13a13613,Me First
R13a13623,Leave No Doubt
R13a13633,Short Day
R13a13643,Till It Breaks
R13a13653,Where When
R13a13663,Subtle Come On
R13a13673,High Rolla
R13a13683,Set Of Tools
R13a13693,Slow Swag
R13a13703,2 For 1
R13a1371,Lookout
R13a13713,Rollin' In
R13a13723,Sure 'Nough
R13a13733,Waking Up Late
R13a13743,Forward Path
R13a13753,Positive Hang
R13a13763,Presenting Up
R13a13773,Fine Vines
R13a13783,Lets Do This
R13a13793,Neverthyless
R13a13803,Smoothing Edges
R13a1381,On Edge
R13a13813,So Smooth
R13a13823,"Who, Where?"
R13a13833,King Of The Hill
R13a13843,Own That Room
R13a13853,Say It Again
R13a13863,Trying My Highest
R13a13873,Kick It Up
R13a13883,Visibly Pumped
R13a13893,Help Me Get You There
R13a13903,Back To Back
R13a1391,Garage Sale 2
R13a13913,In Good Spirit
R13a13923,Love 4 You
R13a13933,How Do They?
R13a13943,Nowhere Fast
R13a13953,Running Off
R13a13963,Heads Up Man
R13a13973,Lunch Stroll
R13a13983,Smiling Face
R13a13993,Job Well Done
R13a14003,Life In The Valley
R13a1401,Intent
R13a14013,Shame
R13a14023,Big Truckin'
R13a14033,Annoyance
R13a14043,Back In Town
R13a14053,Cross Country
R13a14063,Highway Miles
R13a14073,New To You
R13a14083,Heartlandia
R13a14093,The Alternative
R13a14103,Inside Outside
R13a1411,Riches
R13a14113,We're Gettin' It Done
R13a14123,Don't Fall
R13a14133,Done And Done 2
R13a14143,Out Ahead
R13a14153,Stroll And Strutt
R13a14163,Waiting Around
R13a14173,Follow Us Please
R13a14183,Hittin' Hard
R13a14193,Been All Over
R13a14203,Ducking
R13a1421,Rockona
R13a14213,Fabuliscious
R13a14223,Happy Alone
R13a14233,"Madison, WI"
R13a14243,Can't Be Sure Enough
R13a14253,Trust Trut
R13a14263,Forward And Up
R13a14273,Hardly Working
R13a14283,"Sure, Why Not?"
R13a14293,Dramatization
R13a14303,Good View
R13a1431,Search And Find
R13a14313,Hard Out
R13a14323,Separation
R13a14333,Super Fabs
R13a14343,Slow Burnout
R13a14353,Queen Of Queens
R13a14363,After The After Party
R13a14373,All About It
R13a14383,Come Celebrate
R13a14393,Coming For You Too
R13a14403,Say Hi
R13a1441,Summer Bench
R13a14413,So Near So Far
R13a14423,Vibin' High
R13a14433,You The One
R13a14443,Believe In Love
R13a14453,Love You Still
R13a14463,No One Like You
R13a14473,All Bleak
R13a14483,Back Burner
R13a14493,Darker Turn
R13a14503,Round And Around
R13a1451,Driven
R13a14513,Trenches
R13a14523,All Eyes
R13a14533,Solid Start
R13a14543,Quirking
R13a14553,Deep Cover
R13a14563,Half a Dozen
R13a14573,Higher Up
R13a14583,It's all Here
R13a14593,Never Again 2
R13a14603,On The Up
R13a1461,Playground
R13a14613,Sure Enough 2
R13a14623,Watch Em Go
R13a14633,Why Dontcha
R13a14643,Working Out
R13a14653,Boss Attitude
R13a14663,Close To You
R13a14673,Feels Nice
R13a14683,"Never, Ever Again"
R13a14693,Next Chapter
R13a14703,So Much Action
R13a1471,Splitting Up
R13a14713,Super Sweet
R13a14723,Dark Circles
R13a14733,Question Everything
R13a14743,Gonna be Good
R13a14753,All Together
R13a14763,Click Clack
R13a14773,Closer Than Ever
R13a14783,Does It End
R13a14793,Get Out Of Town
R13a14803,Lost And Found Again
R13a1481,Flashlighting
R13a14813,Round Table 2
R13a14823,So It Begins
R13a14833,Step Up 2
R13a14843,Pinch Me
R13a14853,Solar Stroll
R13a14863,Fun And Games 3
R13a14873,Hot And Heavy 2
R13a14883,Prime Time 2
R13a14893,Saturated Love
R13a14904,Hey Day
R13a1491,Morning Hustle
R13a14914,Soft Crawl
R13a14924,Two To One
R13a14934,Dance Too
R13a14944,Dancing South
R13a14954,In Vogue
R13a14964,Look At Me Again
R13a14974,Lovestruck
R13a14984,Push Down
R13a14994,Sexy Steps
R13a15004,Right Over Here
R13a1501,Commitment
R13a15014,Gutter Strut
R13a15024,Go Fast
R13a15034,How It's Done
R13a15044,Hustling Real Hard
R13a15054,Bring Me Back To You
R13a15064,I'm The One For You
R13a15074,Both Of Them
R13a15084,Can You Believe It
R13a15094,Gettin' Ready
R13a15104,Last Resort
R13a1511,Happy Birds
R13a15114,Love Of My Life
R13a15124,Something Very New
R13a15134,So Natural
R13a15144,Tensionz
R13a15154,To This Day
R13a15164,Why Knot
R13a15174,Cloud Of Love
R13a15184,If You Need Me
R13a15194,Like Me
R13a15204,We Are Beautiful
R13a1521,Hollaring
R13a15214,Dead Roses
R13a15224,Night Out
R13a15234,The Campus
R13a15244,Bosses
R13a15254,Please Come With Me
R13a15264,Finally Fine
R13a15274,Follow This
R13a15284,Friends And Foes
R13a15294,Making It Up
R13a15304,Strutting Machine
R13a1531,Quantifying
R13a15314,Shift After Shift
R13a15324,Another Broken Glass
R13a15334,Doubling Up
R13a15344,Honor Is King
R13a15354,Layered
R13a15364,Light Foot
R13a15374,No Snow
R13a15384,Sap Top
R13a15394,The Post
R13a15404,Workouts
R13a1541,Bluesing
R13a15414,In The Thick
R13a15424,Tickling
R13a15434,Star Struck
R13a15444,You're Always On My Mind
R13a15454,Corners
R13a15464,Hey Hey Hey
R13a15474,More Mysteries
R13a15484,Peaking Inside
R13a15494,Walk In
R13a15504,Not Wondering Why
R13a1551,Hold And Behold
R13a15514,Between The Two
R13a15524,Climb Up
R13a15534,Keep Rolling Down
R13a15544,Electric Rundown
R13a15554,Keep Standing Tall
R13a15564,Around Again And Again
R13a15574,Do It Proper
R13a15584,Good Change
R13a15594,Sole Purpose
R13a15604,Deep Hole
R13a1561,Picking
R13a15614,Storm Clouds
R13a15624,Famosa Punta
R13a15644,Porque No
R13a15654,It's On
R13a15664,Just Think On It
R13a15674,Island Dreamland
R13a15684,The Wagon
R13a15694,Vamos A Bailar
R13a15704,Enough Enough
R13a1571,Findings
R13a15714,Like The Rain
R13a15724,All The Way Up
R13a15734,Lift Me Up Tonight
R13a15744,Wrap It Up
R13a15754,Wrapped Around
R13a15764,Constant Flux
R13a15774,Mellow Deal
R13a15784,Of Course
R13a15794,Of The Time
R13a15804,Positively
R13a1581,Right There
R13a15814,Riding High
R13a15824,Stackin
R13a15834,Star Gaze
R13a15844,Step To
R13a15854,Stupendous
R13a15864,Super Slick
R13a15874,Suspected
R13a15884,The Cusp Of It All
R13a15894,High Tight Rope
R13a15904,Today Day
R13a1591,The Big E
R13a15914,"Up Hill, Down Hill"
R13a1601,Thunder
R13a1611,Tiny Storm
R13a1621,Under The Dust
R13a1631,Weeding
R13a1641,Crew
R13a1651,Drag It
R13a1661,Taking Time
R13a1671,Foolin Around
R13a1681,Harvest
R13a1691,Over Under
R13a1701,Weathering
R13a1711,In The Shed
R13a1721,Tarnished
R13a1731,To The Peak
R13a1741,Back In The Saddle
R13a1751,Last Minute
R13a1761,In Town
R13a1771,Hems
R13a1781,Independence
R13a1791,Not Handy
R13a1801,Sliding Scale
R13a1811,Wax Disaster
R13a1821,Dont Tell Me
R13a1831,Its A P Day
R13a1841,Love And Destroy
R13a1851,Akwhite
R13a1861,Patching Up
R13a1871,Birds Eye
R13a1881,Buckaroo
R13a1891,DiFrancked
R13a1901,No Problems
R13a1911,Sitting Still
R13a1921,Stomping Ground
R13a1931,While You Can
R13a1941,In The Way
R13a1951,Late To The Party
R13a1961,New Tiles
R13a1971,Rally Up
R13a1981,Really
R13a1991,Piling On The Miles
R13a2001,Quick And Painless
R13a2011,Another One
R13a2021,Short Stay
R13a2031,Under The Hood
R13a2041,Brunch Crunch
R13a2051,Delays
R13a2061,Curiosity And The Cat
R13a2081,Deliveries
R13a2091,Lurking
R13a2101,Descent
R13a2111,Drama Prince
R13a2121,Impressive
R13a2131,Kind Sir
R13a2141,Lazy Search
R13a2151,Nesting
R13a2161,Two Fer
R13a2171,Change Of Plans
R13a2181,Expectations
R13a2191,Fake Real
R13a2201,Making Of
R13a2211,Mornin Rockin
R13a2221,Unique
R13a2231,Physical Card
R13a2241,Rolling On
R13a2251,Green And Grey
R13a2261,Nonstop
R13a2271,Dance Till You Get
R13a2281,Stayin Focused
R13a2291,Thursday Fever
R13a2301,Deep In The Ocean Of Love
R13a2311,High Octane
R13a2321,Raining On The Disco Queen
R13a2331,Summers Never Over
R13a2341,Under The Disco Sky
R13a2351,You Me And Forever
R13a2361,Break Of Dawning
R13a2371,On The Case II
R13a2381,Investigated
R13a2391,Where What
R13a2401,Everywhere
R13a2411,Just Looking
R13a2421,Wheredini
R13a2431,Bam Bam
R13a2441,Big Scoring
R13a2451,Detection
R13a2461,Plumber Jam
R13a2471,Raccooning
R13a2481,State Champ
R13a2491,Mess Of Glass
R13a2501,Oh Yeah
R13a2511,Pick Up Man
R13a2521,Chikichika
R13a2531,Getting Down
R13a2541,Antenna
R13a2551,Circling Around
R13a2561,Lazy Look
R13a2571,Purging
R13a2581,There It Is
R13a2591,Under The Corner
R13a2601,Around And Around
R13a2611,How Is It Done
R13a2621,Like A Raccoon
R13a2641,Motion
R13a2651,Chiming
R13a2661,Its A Classic
R13a2671,Messages
R13a2681,Throw Another One On
R13a2691,Your Mission
R13a2701,Bob And Tom
R13a2721,Army Of One
R13a2731,Full Of Gluten
R13a2741,Up Down And Sideways
R13a2751,Why Worry
R13a2761,Hunting Party
R13a2771,Hidden
R13a2781,Nothing But Air
R13a2791,Mornin Rockin 2
R13a2801,No Knocking
R13a2811,Shelves And Shovels
R13a2821,Sinking Deep
R13a2831,RollingRocks
R13a2841,Heavy Traffic
R13a2851,At The Last Minute
R13a2861,North South
R13a2871,Soldier Of Clean
R13a2881,Magnify
R13a2891,The Neighborhood
R13a2901,Back To Life
R13a2911,Ending Big
R13a2921,Monday Funday
R13a2931,Runnin On Down
R13a2941,Walk Along
R13a2951,Braving Tall
R13a2961,Pom Tetty
R13a2971,Really 2
R13a2981,"Taste BombBuildingUrgenttense"
R13a2991,Funny Haha
R13a3001,American Chicken
R13a3011,Climb Low
R13a3021,Lighten Up
R13a3031,Babas Spot
R13a3041,On The Lookout
R13a3051,Take And Turn
R13a3061,Tensioning
R13a3071,Turnover
R13a3081,Right To You
R13a3091,Runner Up
R13a3101,Tense Humor
R13a3111,Backing Up
R13a3121,Candid Mic
R13a3131,Early Rising
R13a3141,Look At The Sky
R13a3151,Worms
R13a3161,Avoidance
R13a3171,Certain Conspiracy
R13a3181,New Tension
R13a3191,Oh No
R13a3201,Awareness
R13a3211,Calling It
R13a3221,Ceiling Fan
R13a3231,Chicken Stew
R13a3241,Early Writing
R13a3251,Bad Expectations
R13a3261,Last Second Mary
R13a3271,New Jour
R13a3281,Flying Time
R13a3291,New Leaf
R13a3301,Underscore
R13a3311,Wreckening
R13a3321,Read On
R13a3331,Zydecing
R13a3341,Do The Led
R13a3351,Picking Up
R13a3361,All The Way 3
R13a3371,Baby Dolphin
R13a3381,Delivery Day
R13a3391,Dont Wait
R13a3401,Heat Jump
R13a3411,Northwest
R13a3421,Read The Bead
R13a3431,Right Back
R13a3441,Riviera Blue
R13a3451,World War Stars
R13a3471,Diggin Up
R13a3481,Fine Findings
R13a3491,First Flight
R13a3501,Haunted
R13a3511,Movin All Around
R13a3521,Personal Graph
R13a3531,Where What When
R13a3541,Back On The Block
R13a3551,Double Duty
R13a3561,Sky Highway
R13a3571,Student
R13a3581,Western Bound
R13a3591,Back Where
R13a3601,Organs
R13a3611,Last Step
R13a3621,Deeper And Deeper
R13a3631,Rising Down
R13a3641,Walking Into
R13a3651,Larry Down
R13a3661,Never A Lull
R13a3671,Outer Space
R13a3681,Should Not
R13a3691,Sky Limit
R13a3701,The From
R13a3711,Waiting Time
R13a3721,Werkin
R13a3731,Years Of Light
R13a3741,Alley Raucous
R13a3751,Good Plan
R13a3761,Maybe Or Not
R13a3771,Dirty Latin
R13a3781,Ahead Of The Curb
R13a3791,Bullets
R13a3801,Lurking Parking
R13a3811,Busting Through
R13a3821,How Bright
R13a3831,Down The Road 2
R13a3841,Evil Twin
R13a3851,None Around
R13a3861,Poetry In The Sky
R13a3871,Power Tower
R13a3881,Staging High
R13a3891,Chugging On
R13a3901,Dark And Stormy
R13a3911,Juggling Match
R13a3921,Migrations
R13a3931,Open Too
R13a3941,Sluggishity
R13a3951,Up In Arms
R13a3961,Downtown Time
R13a3971,Raggedy Rag
R13a3981,Unlearning Life
R13a3991,Wailing At The Wall
R13a4001,On To The Next
R13a4011,All About Plans
R13a4021,Drankin
R13a4031,Holding Pattern
R13a4041,Hustling Hard
R13a4051,NoSug
R13a4061,Wrecking Down
R13a4071,All Inclusive
R13a4081,Backing Down
R13a4091,Falling Off The Stool
R13a4101,Last Dropped
R13a4111,Randomised
R13a4121,Spiking
R13a4131,Later Than Late
R13a4141,Heavenly Tension
R13a4151,Up And Off
R13a4161,All In A Day
R13a4171,Retail Space
R13a4181,Early Morn
R13a4191,From Beyond
R13a4201,"Rising Slow"
R13a4211,Lyrical Rascal
R13a4221,Trompette
R13a4231,Back At Home
R13a4251,To The Turn
R13a4261,Up To Be Down
R13a4271,Bottled Sink
R13a4281,Look Around You
R13a4291,Where You Are
R13a4301,AccuTension
R13a4311,Run The Line
R13a4321,Contacting
R13a4331,Holidays
R13a4341,Urgent Press
R13a4351,Downwards
R13a4361,Rally By
R13a4371,Straight To
R13a4381,The Switch
R13a4391,Passive Ink
R13a4401,Right Over
R13a4411,Activation Action
R13a4421,Coincidences
R13a4431,In The Machine
R13a4441,East South
R13a4451,Perfect You
R13a4461,Picking A Scarf
R13a4471,Reactions
R13a4481,Action Cruise
R13a4491,Cloudy Mist
R13a4501,Troubling Situation
R13a4511,Gentle Rain
R13a4521,Rubber Soul
R13a4531,Allo Oui
R13a4541,Come In
R13a4551,Contract
R13a4561,Condensation Function
R13a4571,Fast Response
R13a4581,Lets Hug It Out
R13a4591,Directly Above
R13a4601,Hustle Bustle
R13a4611,Long Awaited
R13a4621,Low Rumble
R13a4631,Slow And Steady
R13a4641,Stay With Us
R13a4651,Descention
R13a4661,Slow Creep
R13a4671,Without A Doubt
R13a4681,Grandiose
R13a4691,Heads And Tails
R13a4701,Imposters
R13a4711,Stuck Underground
R13a4721,Dark Omen
R13a4731,Done And Done
R13a4741,Good Laugh
R13a4751,Heavy Sorting
R13a4761,Intense Sense
R13a4771,Lost It
R13a4781,Not Too Bad
R13a4791,Quick Turnaround
R13a4801,Ringers
R13a4811,Roaming The Halls
R13a4821,Room With A View
R13a4831,Rough Breeze
R13a4841,Rushing Up
R13a4851,Yet Again
R13a4861,Crisis
R13a4871,Drone Wars
R13a4881,Second Thoughts
R13a4891,3 Cars Lot
R13a4901,Crunch Time
R13a4911,Worried
R13a4921,Armrest
R13a4931,Compared To
R13a4941,Down To The Wire
R13a4951,Ducks
R13a4961,Estimating
R13a4971,Honorable Man
R13a4981,On Strike
R13a4991,Unnecessary
R13a5001,Escrow
R13a5011,Ring The Alarm
R13a5021,Information Overload
R13a5031,Walk Through
R13a5041,Glorious Life
R13a5051,Middle Of It
R13a5061,Shoker
R13a5071,Story Line
R13a5081,Top Flags
R13a5091,Chestnut
R13a5101,Creeping About
R13a5111,Mistery Train
R13a5121,NorthB
R13a5131,Stranger Danger
R13a5141,To The Front
R13a5151,Beaming
R13a5161,Tell Her
R13a5171,Inspection Report
R13a5181,Second Opinion
R13a5191,Summers End
R13a5201,Temporary Digs
R13a5211,Big Chunk
R13a5221,Big Scare
R13a5231,Downpaying
R13a5241,Estimating 2
R13a5251,Gossiping
R13a5261,HenceTense
R13a5271,Huge Cypress
R13a5281,In The Water
R13a5291,Last Minute 2
R13a5301,Lost Charge
R13a5311,Lunar
R13a5321,The Art Of Worry
R13a5331,Unstable
R13a5341,Very Close
R13a5351,Watch Your Step
R13a5361,Delayed Again
R13a5371,Dull Moment
R13a5381,Rabbit Hole
R13a5391,Overdue
R13a5401,Picky Choosers
R13a5411,Reverse Psy
R13a5421,Suspicion
R13a5431,The Mountain
R13a5441,The Way Home
R13a5451,Walking Through
R13a5461,Change Up
R13a5471,Decking
R13a5481,Soundscapes
R13a5491,Cases
R13a5501,Dreamy Wait
R13a5511,Low And Slow
R13a5521,Tough Sounds
R13a5531,Ugly Padding
R13a5541,Call Center
R13a5551,Smell Of Cheer
R13a5561,Tipping Point
R13a5571,Global Help
R13a5581,Hammering
R13a5591,Point of Entry
R13a5601,Analysis 2
R13a5611,Both Sides
R13a5621,Boundaries
R13a5631,Strange Bird
R13a5641,Travel Plans
R13a5651,Grand Scheme
R13a5661,Helpless 2
R13a5671,Learning All
R13a5681,Roaming The Halls 2
R13a5691,Rotating List
R13a5701,Taking Care
R13a5711,Up To Par
R13a5721,Call Waiting
R13a5731,Emerging C
R13a5741,Voice Quarter
R13a5751,Counting Days
R13a5761,Mea Culpa
R13a5771,Turn of Events
R13a5781,Always Something
R13a5791,Around A Clock
R13a5801,Right Around
R13a5811,Surprise Call
R13a5821,Tight Schedule
R13a5831,Back In Da Day
R13a5841,Cold Reminder
R13a5851,Create A Feeling
R13a5861,Eight Track
R13a5871,Shock And Awe
R13a5881,Get Up And Down
R13a5891,Rock To The Beat
R13a5901,Backgrounder
R13a5911,Cutting Close
R13a5921,Dualities
R13a5931,Gettin Ready
R13a5941,Green Pastures
R13a5951,Low Line
R13a5961,Nightime
R13a5971,Bad Broker
R13a5981,Alternative Too
R13a5991,Options
R13a6001,Dont Smoke
R13a6011,Down South
R13a6021,Honing It Sharp
R13a6031,Temple Lights
R13a6041,Birds Of Wisdom
R13a6051,Busy Day
R13a6061,For The Better
R13a6071,Just Muted
R13a6081,Light A Fire
R13a6091,Deserving
R13a6101,You Must Not
R13a6111,All In One
R13a6121,Hangin On
R13a6131,To The Left
R13a6141,Right Direction 2
R13a6151,All Over The World
R13a6161,All Set
R13a6171,Brain Cramps
R13a6181,Coming Back
R13a6191,Crazy Party
R13a6201,Good Filth
R13a6211,Good Start
R13a6221,Humpty Dump
R13a6231,Planning Agogo
R13a6241,Reefing
R13a6251,Smarty
R13a6261,Super Fab
R13a6271,Trending
R13a6281,Up All Night
R13a6291,Updating
R13a6301,Dry Heats
R13a6311,New Day 2
R13a6321,On The Cusp
R13a6331,Riding It
R13a6341,Streamy
R13a6351,Desert Flower
R13a6361,Light Matter 2
R13a6371,Squeeze
R13a6381,The Prince
R13a6391,Timing
R13a6401,Yallamos
R13a6411,Coming In
R13a6421,First D
R13a6431,It Happens
R13a6441,Big Chase
R13a6451,Get It 2
R13a6461,Here And There
R13a6471,Mild Chase
R13a6481,Sorta Maybe
R13a6491,Sorting
R13a6501,Very Fly
R13a6511,In The Sun
R13a6521,On The Spot
R13a6531,Big Reno
R13a6541,Cranks
R13a6551,Fab
R13a6561,Jabs
R13a6571,Silent Night
R13a6581,Startup
R13a6591,Waiting It Out
R13a6601,Yeahhh
R13a6611,Baffling
R13a6621,Override
R13a6631,Searching Wide
R13a6641,Super Vogue
R13a6651,Walking Tall
R13a6661,Rancanculous
R13a6681,Kewl Tech
R13a6691,The Burn Cage
R13a6701,Black Pie
R13a6711,Etude In C
R13a6721,Blundering
R13a6731,Still Waiting
R13a6741,Hangout
R13a6751,Keep It Coming
R13a6761,Mag Life
R13a6771,Rhetorical
R13a6781,Part Time 2
R13a6791,Summer Like
R13a6801,Smiley Hour
R13a6811,At The Source
R13a6821,Chuckin
R13a6831,Oh Really
R13a6841,Rawness
R13a6851,Sooo Fab
R13a6861,New Digs
R13a6871,Remarkable
R13a6881,Sharp Chirps
R13a6891,Ray Of Sunshine
R13a6901,Rush Hour
R13a6911,Top Of The World
R13a6921,Birds In Flight
R13a6931,Churning It
R13a6941,Low Flying
R13a6951,Two Times Yes
R13a6961,Smooth Edges
R13a6971,Sun Shrine
R13a6981,To The Trend
R13a6991,You Dont Say 2
R13a7001,South Dog
R13a7011,The BMZ
R13a7021,Vodka Soda
R13a7031,Chilling Sun
R13a7041,Fenced Out
R13a7051,Finally Here
R13a7061,Rose Garden
R13a7071,Le West
R13a7081,Pool View
R13a7091,Day Offing
R13a7101,Penalties
R13a7111,Reconnect
R13a7121,Buckled
R13a7131,Chalas
R13a7141,Barn Clown
R13a7152,Losing It
R13a7162,Raw Desert
R13a7172,SmirkinHopeful
R13a7182,Big Surprise
R13a7191,Over Your Shoulder
R13a7201,Super Fab 2
R13a7212,The Market
R13a7222,The Wink
R13a7232,Trapped 2
R13a7242,Strangest
R13a7252,Coffee Car
R13a7262,Going For A Walk
R13a7272,The Great Wabble
R13a7282,Waiting In The Dirt
R13a7292,Straddle Saddle
R13a7302,Second To Last Man Standing
R13a7312,Rock Barn
R13a7322,The Road Inside
R13a7332,Vintage Highway
R13a7342,Forth Going
R13a7352,Leisure Stroll
R13a7362,Mr Recycle
R13a7372,Mr Traffic
R13a7382,Soul Training
R13a7392,Things Coming
R13a7402,Out Of The Weeds
R13a7412,Early Check
R13a7422,Funktopia
R13a7432,Hawk Eye
R13a7442,Missed Signals
R13a7452,Mr Kittie
R13a7462,Mr Storm
R13a7472,Ruminate
R13a7482,Self Care
R13a7492,Water Nut
R13a7502,Hardwired
R13a7512,Queens
R13a7522,Still Here
R13a7532,Bounce Bounce
R13a7542,Dark Cages
R13a7552,House Shake
R13a7562,Humid Ditty
R13a7572,Behind The Money
R13a7582,Country Clubbing
R13a7592,Game Play
R13a7602,Open Door
R13a7612,Big Wall
R13a7622,Herb Magic
R13a7632,The Main
R13a7642,For The Vid
R13a7652,Back With The Hose
R13a7662,Rolling Deep
R13a7672,Raw Bone
R13a7682,Rockerone
R13a7692,Flow Pitch
R13a7702,Urban Nest
R13a7712,Souff
R13a7722,Hey Hey
R13a7732,Terone
R13a7742,The Cup
R13a7752,Time Off
R13a7762,Walk In The Woods
R13a7772,Wind And Snow
R13a7782,Winning Oslo
R13a7792,Flights Of Fire
R13a7802,See Everything
R13a7812,Great Fiesta
R13a7822,Melancholic Organic
R13a7832,Gangsta Wheel
R13a7842,Cat Stroll
R13a7852,Friender
R13a7862,Happy Key
R13a7872,Blondes Have More Fun
R13a7882,Shot Girlz
R13a7892,Wheeling And Dealing
R13a7902,Bees And Butterflies
R13a7912,Buttered Roll
R13a7922,Rollin' On Down
R13a7932,Rolling In It
R13a7942,Country Dog
R13a7952,PB Ready
R13a7962,Barn Gold
R13a7972,Awarening
R13a7982,Creepsters
R13a7992,House Of D
R13a8002,Reflections
R13a8012,Personal
R13a8022,Step To It
R13a8032,Almost There
R13a8042,Calm Waters
R13a8052,Debt Cleared
R13a8062,Is Everybody In?
R13a8072,Heap Top
R13a8082,Junior Explorer
R13a8092,Lizzard Walking
R13a8102,Recycled Man
R13a8112,Tea Party
R13a8122,The Old City
R13a8132,Snail Race
R13a8142,Pitch Black
R13a8152,Slow Tide
R13a8162,Chilling Bones
R13a8172,Dark Intro
R13a8182,Wandering Darkness
R13a8192,Around The Neighborhood
R13a8202,The Stacks
R13a8212,High Noon
R13a8222,Humana Shades
R13a8232,Sunday Kick
R13a8242,Back Under
R13a8252,Ashes In The Air
R13a8262,Left Right Left
R13a8272,Looming March
R13a8282,Rumbles
R13a8292,Slow Ration
R13a8302,Burning The Past
R13a8312,To The Point
R13a8322,Dawn Bust
R13a8332,Suspensarama
R13a8342,Walking In
R13a8352,Rainy Drill
R13a8362,Mystery Call
R13a8372,Senior March
R13a8382,Supervision
R13a8392,Huddle Hustle
R13a8402,Weight Room
R13a8412,Huddle
R13a8422,Bounce It
R13a8432,Trail Of Sweat
R13a8442,Dawn And Dusk
R13a8452,Predators
R13a8462,Looking Through The Window
R13a8472,Food March
R13a8482,Watched Pot
R13a8492,Hardly At Work
R13a8502,Search Back
R13a8512,Maine Life
R13a8522,Back Snap
R13a8532,Rest Up
R13a8542,You Need Me
R13a8552,King Strut
R13a8562,Fist Bump
R13a8572,Sur Tension
R13a8582,Immunity
R13a8592,Life Aquatic
R13a8602,Wrestling Life
R13a8612,Popping Bubbles
R13a8622,Self Awareness
R13a8632,Glide
R13a8642,Self Q
R13a8652,Race To The Top
R13a8662,Back Road Trippin'
R13a8672,Make An Entrance
R13a8682,If Only
R13a8692,Making Rank
R13a8702,Sir Charles
R13a8712,Mass Hysteria
R13a8722,Dark Outside
R13a8732,Follow The Path
R13a8742,Windy Mess
R13a8752,Duck Pond Day
R13a8762,Social D
R13a8772,Peace Out Bro
R13a8782,Things I Love
R13a8792,Meeting ID
R13a8802,PJ Party
R13a8812,Watcha Got
R13a8822,Timed Out Session
R13a8832,Trying To Get Through
R13a8842,Breezy Cozy
R13a8852,Crazy Walk
R13a8862,Buggin'
R13a8872,Clean Machine
R13a8882,Drive Through
R13a8892,Glam Party
R13a8902,Real Thrillz
R13a8912,Side Ride
R13a8922,The Small Fight
R13a8932,Just Before Dawn
R13a8942,Masked Angst
R13a8952,Sideways World
R13a8962,Sneak Peak
R13a8972,Sticks
R13a8982,Get Tanked
R13a8992,Trajectory
R13a9002,Sweet Home
R13a9012,Good Ol' Fashioned
R13a9022,Big Country
R13a9032,Riding The Hay
R13a9042,Second Walk Through
R13a9052,Strut Gossip
R13a9062,Just Drive On
R13a9072,Up And Running
R13a9082,Further Down The Road
R13a9092,Staying Up All Night
R13a9102,Road Less Traveled
R13a9112,Rippled
R13a9122,Cats And Dogs
R13a9132,Going Straight Up
R13a9142,Finding Things
R13a9152,Briskness
R13a9162,Way Up In The Sky
R13a9172,Speculation
R13a9182,Before Lunch
R13a9192,Breeding Grounds
R13a9202,Circles And Squares
R13a9212,Full Steam Ahead
R13a9222,Greener Pastures
R13a9232,Head Up
R13a9242,Hot Ice
R13a9252,Self Confidence
R13a9262,Sexy Walk
R13a9272,Sharp Chirp
R13a9282,The Big Walkthrough
R13a9292,Super Charged
R13a9302,Straight Down
R13a9312,Rain Or Shine
R13a9322,Pride And Joy
R13a9332,Past Present
R13a9342,Noticing Things
R13a9352,March Past
R13a9362,Maps And Plans
R13a9372,Head Strong
R13a9382,Growtheteria
R13a9392,Different Window
R13a9402,123 Turn
R13a9412,Attitude Adjustment
R13a9422,Bad Girls
R13a9432,Beyond The Indoors
R13a9442,Big Loop
R13a9452,Blue And Green
R13a9462,Just Around The Corner
R13a9472,Bizarro World
R13a9482,Hallways
R13a9492,Rebooting
R13a9502,Straight Arrow
R13a9512,Wrap Fest
R13a9522,Trim The Cat
R13a9533,Get Out Now
R13a9543,Sneaky Bobby
R13a9553,Some Hope
R13a9563,Something Happening
R13a9573,Over The Run
R13a9583,Small Scare
R13a9593,So Sudden
R13a9603,Through The Clouds
R13a9613,In Over Time
R13a9623,Scary Parts
R13a9633,Discomfort
R13a9643,Concrete Plan
R13a9653,In Crunch Time
R13a9663,Running Scared
R13a9673,So Strong
R13a9683,Empty
R13a9693,Look All Around
R13a9703,Tension Building
R13a9713,Two Sides
R13a9723,Big Set Up
R13a9733,Moving Plane
R13a9743,Suspended Belief
R13a9753,All Around You
R13a9763,Don't Close Your Eyes
R13a9773,No Possible Return
R13a9783,Computer Blue
R13a9793,Instinctual
R13a9803,Scavengers
R13a9813,Sideways Tick
R13a9823,Nowhere To Go
R13a9833,Gettin' It Done Right
R13a9843,Dragging Around
R13a9853,Last One
R13a9863,Mysterious Serious
R13a9873,Walking Slow
R13a9883,Behind The Bend
R13a9893,Driving Along
R13a9903,Pouring Knowledge
R13a9913,Remind Me
R13a9923,A Way In
R13a9933,Deer In Headlights
R13a9943,Deep Into The Night
R13a9953,Shortage
R13a9963,Soft Spoken
R13a9973,Waiting Long
R13a9983,Walking In The Dark
R13a9993,Running Errands
R13b001X,Got One
R13b002X,Looking Sideways
R13b003x,Focuss
R13b004X,Linting
R13c0013,When I See You Smile
R13d0013,Forever and Ever
R13d0023,No Life Without You