status,db_sku,correct_sku,composer,title,collision_with
CAN_FIX,R13a1010,R13a10103,R13a,"Clock It",
CAN_FIX,R13a1012,R13a10123,R13a,"One Foot At A Time",
CAN_FIX,R13a1084,R13a10843,R13a,"Another Dawn",
CAN_FIX,R13a1094,R13a10943,R13a,"Power On",
CAN_FIX,R13a1222,R13a12223,R13a,"To The Studs",
CAN_FIX,R13a1502,R13a15024,R13a,"Go Fast",
CAN_FIX,R13a1503,R13a15034,R13a,"How It's Done",
CAN_FIX,R13a1504,R13a15044,R13a,"Hustling Real Hard",
CAN_FIX,R13a1505,R13a15054,R13a,"Bring Me Back To You",
CAN_FIX,R13a1506,R13a15064,R13a,"I'm The One For You",
CAN_FIX,R13a1507,R13a15074,R13a,"Both Of Them",
CAN_FIX,R13a1508,R13a15084,R13a,"Can You Believe It",
CAN_FIX,R13a1509,R13a15094,R13a,"Gettin' Ready",
CAN_FIX,R13a1510,R13a15104,R13a,"Last Resort",
CAN_FIX,R13a1512,R13a15124,R13a,"Something Very New",
CAN_FIX,R13a1513,R13a15134,R13a,"So Natural",
CAN_FIX,R13a1514,R13a15144,R13a,"Tensionz",
CAN_FIX,R13a1515,R13a15154,R13a,"To This Day",
CAN_FIX,R13a1516,R13a15164,R13a,"Why Knot",
CAN_FIX,R13a1517,R13a15174,R13a,"Cloud Of Love",
CAN_FIX,R13a1518,R13a15184,R13a,"If You Need Me",
CAN_FIX,R13a1519,R13a15194,R13a,"Like Me",
CAN_FIX,R13a1520,R13a15204,R13a,"We Are Beautiful",
CAN_FIX,R13a1522,R13a15224,R13a,"Night Out",
CAN_FIX,R13a1523,R13a15234,R13a,"The Campus",
CAN_FIX,R13a1524,R13a15244,R13a,"Bosses",
CAN_FIX,R13a1525,R13a15254,R13a,"Please Come With Me",
CAN_FIX,R13a1526,R13a15264,R13a,"Finally Fine",
CAN_FIX,R13a1527,R13a15274,R13a,"Follow This",
CAN_FIX,R13a1528,R13a15284,R13a,"Friends And Foes",
CAN_FIX,R13a1529,R13a15294,R13a,"Making It Up",
CAN_FIX,R13a1530,R13a15304,R13a,"Strutting Machine",
CAN_FIX,R13a1532,R13a15324,R13a,"Another Broken Glass",
CAN_FIX,R13a1533,R13a15334,R13a,"Doubling Up",
CAN_FIX,R13a1534,R13a15344,R13a,"Honor Is King",
CAN_FIX,R13a1535,R13a15354,R13a,"Layered",
CAN_FIX,R13a1536,R13a15364,R13a,"Light Foot",
CAN_FIX,R13a1537,R13a15374,R13a,"No Snow",
CAN_FIX,R13a1538,R13a15384,R13a,"Sap Top",
CAN_FIX,R13a1539,R13a15394,R13a,"The Post",
CAN_FIX,R13a1540,R13a15404,R13a,"Workouts",
CAN_FIX,R13a1542,R13a15424,R13a,"Tickling",
CAN_FIX,R13a1543,R13a15434,R13a,"Star Struck",
CAN_FIX,R13a1544,R13a15444,R13a,"You're Always On My Mind",
CAN_FIX,R13a1545,R13a15454,R13a,"Corners",
CAN_FIX,R13a1546,R13a15464,R13a,"Hey Hey Hey",
CAN_FIX,R13a1547,R13a15474,R13a,"More Mysteries",
CAN_FIX,R13a1548,R13a15484,R13a,"Peaking Inside",
CAN_FIX,R13a1549,R13a15494,R13a,"Walk In",
CAN_FIX,R13a1550,R13a15504,R13a,"Not Wondering Why",
CAN_FIX,R13a1552,R13a15524,R13a,"Climb Up",
CAN_FIX,R13a1553,R13a15534,R13a,"Keep Rolling Down",
CAN_FIX,R13a1554,R13a15544,R13a,"Electric Rundown",
CAN_FIX,R13a1555,R13a15554,R13a,"Keep Standing Tall",
CAN_FIX,R13a1556,R13a15564,R13a,"Around Again And Again",
CAN_FIX,R13a1557,R13a15574,R13a,"Do It Proper",
CAN_FIX,R13a1558,R13a15584,R13a,"Good Change",
CAN_FIX,R13a1559,R13a15594,R13a,"Sole Purpose",
CAN_FIX,R13a1560,R13a15604,R13a,"Deep Hole",
CAN_FIX,R13a1562,R13a15624,R13a,"Famosa Punta",
CAN_FIX,R13a1564,R13a15644,R13a,"Porque No",
CAN_FIX,R13a1565,R13a15654,R13a,"It's On",
CAN_FIX,R13a1566,R13a15664,R13a,"Just Think On It",
CAN_FIX,R13a1567,R13a15674,R13a,"Island Dreamland",
CAN_FIX,R13a1568,R13a15684,R13a,"The Wagon",
CAN_FIX,R13a1569,R13a15694,R13a,"Vamos A Bailar",
CAN_FIX,R13a1570,R13a15704,R13a,"Enough Enough",
CAN_FIX,R13a1572,R13a15724,R13a,"All The Way Up",
CAN_FIX,R13a1573,R13a15734,R13a,"Lift Me Up Tonight",
CAN_FIX,R13a1574,R13a15744,R13a,"Wrap It Up",
CAN_FIX,R13a1575,R13a15754,R13a,"Wrapped Around",
CAN_FIX,R13a1576,R13a15764,R13a,"Constant Flux",
CAN_FIX,R13a1577,R13a15774,R13a,"Mellow Deal",
CAN_FIX,R13a1578,R13a15784,R13a,"Of Course",
CAN_FIX,R13a1579,R13a15794,R13a,"Of The Time",
CAN_FIX,R13a1580,R13a15804,R13a,"Positively",
CAN_FIX,R13a1582,R13a15824,R13a,"Stackin",
CAN_FIX,R13a1583,R13a15834,R13a,"Star Gaze",
CAN_FIX,R13a1584,R13a15844,R13a,"Step To",
CAN_FIX,R13a1585,R13a15854,R13a,"Stupendous",
CAN_FIX,R13a1586,R13a15864,R13a,"Super Slick",
CAN_FIX,R13a1587,R13a15874,R13a,"Suspected",
CAN_FIX,R13a1588,R13a15884,R13a,"The Cusp Of It All",
CAN_FIX,R13a1589,R13a15894,R13a,"High Tight Rope",
CAN_FIX,R13a1590,R13a15904,R13a,"Today Day",
CAN_FIX,R13a344,R13a3441,R13a,"Riviera Blue",
CAN_FIX,R13a717,R13a7172,R13a,"SmirkinHopeful",
CAN_FIX,R13a734,R13a7342,R13a,"Forth Going",
CAN_FIX,R13a952,R13a9522,R13a,"Trim The Cat",
COLLISION,R13a159,R13a1591,R13a,"The Big E","Up Hill, Down Hill"
COLLISION,R13a158,R13a1581,R13a,"Right There","Riding High"
COLLISION,R13a157,R13a1571,R13a,"Findings","Like The Rain"
COLLISION,R13a156,R13a1561,R13a,"Picking","Storm Clouds"
COLLISION,R13a155,R13a1551,R13a,"Hold And Behold","Between The Two"
COLLISION,R13a154,R13a1541,R13a,"Bluesing","In The Thick"
COLLISION,R13a153,R13a1531,R13a,"Quantifying","Shift After Shift"
COLLISION,R13a152,R13a1521,R13a,"Hollaring","Dead Roses"
COLLISION,R13a151,R13a1511,R13a,"Happy Birds","Love Of My Life"
COLLISION,R13a150,R13a1501,R13a,"Commitment","Gutter Strut"
COLLISION,R13a149,R13a1491,R13a,"Morning Hustle","Soft Crawl"
COLLISION,R13a148,R13a1481,R13a,"Flashlighting","Round Table 2"
COLLISION,R13a147,R13a1471,R13a,"Splitting Up","Super Sweet"
COLLISION,R13a146,R13a1461,R13a,"Playground","Sure Enough 2"
COLLISION,R13a145,R13a1451,R13a,"Driven","Trenches"
COLLISION,R13a144,R13a1441,R13a,"Summer Bench","So Near So Far"
COLLISION,R13a143,R13a1431,R13a,"Search And Find","Hard Out"
COLLISION,R13a140,R13a1401,R13a,"Intent","Shame"
COLLISION,R13a139,R13a1391,R13a,"Garage Sale 2","In Good Spirit"
COLLISION,R13a138,R13a1381,R13a,"On Edge","So Smooth"
COLLISION,R13a137,R13a1371,R13a,"Lookout","Rollin' In"
COLLISION,R13a136,R13a1361,R13a,"This Is Not A Test","Me First"
COLLISION,R13a135,R13a1351,R13a,"Suspense","Picnic With Jill"
COLLISION,R13a131,R13a1311,R13a,"Pursuit","Dark And Late"
COLLISION,R13a130,R13a1301,R13a,"Positive Negative","Old New"
COLLISION,R13a128,R13a1282,R13a,"First","Reach The Rich"
COLLISION,R13a127,R13a1271,R13a,"Darkness","Tall And Proud"
COLLISION,R13a126,R13a1261,R13a,"Coating","Make A Grand Entrance"
COLLISION,R13a125,R13a1251,R13a,"Draining","Rooftop View"
COLLISION,R13a124,R13a1241,R13a,"Picnic","Stuff Strut"
COLLISION,R13a123,R13a1231,R13a,"Late Late Night","Brightest Lights"
COLLISION,R13a122,R13a1221,R13a,"Bembe Dancing","The Right Path"
COLLISION,R13a121,R13a1211,R13a,"Life Ins","In The Air"
COLLISION,R13a120,R13a1201,R13a,"Iron","First Building Blocks"
COLLISION,R13a119,R13a1191,R13a,"Easy Breezy","Modazz"
COLLISION,R13a118,R13a1181,R13a,"Billys Day","All Good, Baby"
COLLISION,R13a117,R13a1171,R13a,"Out The Window","Tipsies"
COLLISION,R13a116,R13a1161,R13a,"Nowhere To Run To","Bubble Drag"
COLLISION,R13a115,R13a1151,R13a,"Next Day","Returns"
COLLISION,R13a114,R13a1141,R13a,"Up And On","Against All Odds"
COLLISION,R13a113,R13a1131,R13a,"TruLove","Kitchen Game"
COLLISION,R13a112,R13a1121,R13a,"New Energy","Hot Trot"
COLLISION,R13a111,R13a1111,R13a,"Forward Madness","Keep On The Look Out"
COLLISION,R13a110,R13a1101,R13a,"Compost","Databaser"
COLLISION,R13a109,R13a1091,R13a,"Scavenger","The Big Awe"
COLLISION,R13a108,R13a1081,R13a,"Raise","Blissful"
COLLISION,R13a107,R13a1071,R13a,"Floating Lotus","Wide Aisle"
COLLISION,R13a106,R13a1061,R13a,"Coldifide","The Pendulum"
COLLISION,R13a105,R13a1051,R13a,"Aftershock","All Out, All In"
COLLISION,R13a104,R13a1041,R13a,"Shopping","Slight Twitch"
COLLISION,R13a103,R13a1031,R13a,"Proof","Magic Roar"
COLLISION,R13a102,R13a1021,R13a,"Yogg","Rounding Out"
COLLISION,R13a101,R13a1011,R13a,"Thompson","Trespassing"
NOT_FOUND,S33a100,,S33a,"Gates",
NOT_FOUND,S33a101,,S33a,"Heavy Guitar",
NOT_FOUND,S33a102,,S33a,"Hot Pot",
NOT_FOUND,S33a103,,S33a,"Hours",
NOT_FOUND,S33a104,,S33a,"In And Around",
NOT_FOUND,S33a105,,S33a,"Light In The Tunnel",
NOT_FOUND,S33a106,,S33a,"Memory",
NOT_FOUND,S33a107,,S33a,"Noise",
NOT_FOUND,S33a108,,S33a,"Postcard",
NOT_FOUND,S33a109,,S33a,"Prices",
NOT_FOUND,S33a110,,S33a,"Producer",
NOT_FOUND,S33a111,,S33a,"Telephone",
NOT_FOUND,S33a112,,S33a,"Theatre",
NOT_FOUND,S33a113,,S33a,"Adapting",
NOT_FOUND,S33a114,,S33a,"Day Rush",
NOT_FOUND,S33a115,,S33a,"Dialogs",
NOT_FOUND,S33a116,,S33a,"Gold",
NOT_FOUND,S33a117,,S33a,"I Like It",
NOT_FOUND,S33a118,,S33a,"Links",
NOT_FOUND,S33a119,,S33a,"Maps",
NOT_FOUND,S33a120,,S33a,"Pictures",
NOT_FOUND,S33a121,,S33a,"Small Chamber",
NOT_FOUND,S33a122,,S33a,"Bricks",
NOT_FOUND,S33a123,,S33a,"Clear",
NOT_FOUND,S33a124,,S33a,"Envelopes",
NOT_FOUND,S33a125,,S33a,"Hang Around",
NOT_FOUND,S33a126,,S33a,"Lets Talk",
NOT_FOUND,S33a127,,S33a,"Market",
NOT_FOUND,S33a128,,S33a,"Open Season",
NOT_FOUND,S33a129,,S33a,"Projects",
NOT_FOUND,S33a130,,S33a,"Rivers",
NOT_FOUND,S33a131,,S33a,"Rockers",
NOT_FOUND,S33a132,,S33a,"Somewhere",
NOT_FOUND,S33a133,,S33a,"Steps",
NOT_FOUND,S33a134,,S33a,"Travels",
NOT_FOUND,S33a135,,S33a,"Upscale",
NOT_FOUND,S33a136,,S33a,"All Sides",
NOT_FOUND,S33a137,,S33a,"Assistant",
NOT_FOUND,S33a138,,S33a,"Ban",
NOT_FOUND,S33a139,,S33a,"Displayfull",
NOT_FOUND,S33a140,,S33a,"Division",
NOT_FOUND,S33a141,,S33a,"Everything",
NOT_FOUND,S33a142,,S33a,"Evidence",
NOT_FOUND,S33a143,,S33a,"Fight",
NOT_FOUND,S33a144,,S33a,"Freedom",
NOT_FOUND,S33a145,,S33a,"In Any Case",
NOT_FOUND,S33a146,,S33a,"Inking",
NOT_FOUND,S33a147,,S33a,"Landmark",
NOT_FOUND,S33a148,,S33a,"Long Tie",
NOT_FOUND,S33a149,,S33a,"Persona",
NOT_FOUND,S33a150,,S33a,"Power",
NOT_FOUND,S33a151,,S33a,"Progression",
NOT_FOUND,S33a152,,S33a,"Providers",
NOT_FOUND,S33a153,,S33a,"Respect It",
NOT_FOUND,S33a154,,S33a,"Shift",
NOT_FOUND,S33a155,,S33a,"Shock 3",
NOT_FOUND,S33a156,,S33a,"Storm",
NOT_FOUND,S33a157,,S33a,"Wiretap",
NOT_FOUND,S33a158,,S33a,"Storm 2",
NOT_FOUND,S33a159,,S33a,"Test",
NOT_FOUND,S33a1590,,S33a,"Funky Members",
NOT_FOUND,S33a160,,S33a,"Wide Doors",
NOT_FOUND,S33a161,,S33a,"Winds",
NOT_FOUND,S33a162,,S33a,"Smile",
NOT_FOUND,S33a163,,S33a,"Supporters",
NOT_FOUND,S33a164,,S33a,"University",
NOT_FOUND,S33a165,,S33a,"Build It Up",
NOT_FOUND,S33a166,,S33a,"Fake",
NOT_FOUND,S33a167,,S33a,"Keep It 2",
NOT_FOUND,S33a1678,,S33a,"Hypercubes",
NOT_FOUND,S33a168,,S33a,"Love Is Dead",
NOT_FOUND,S33a169,,S33a,"Navy",
NOT_FOUND,S33a170,,S33a,"Phone Booth",
NOT_FOUND,S33a171,,S33a,"Shadows",
NOT_FOUND,S33a172,,S33a,"About Lane",
NOT_FOUND,S33a173,,S33a,"Big Open",
NOT_FOUND,S33a174,,S33a,"Color Lights",
NOT_FOUND,S33a175,,S33a,"Creation",
NOT_FOUND,S33a176,,S33a,"Emotions",
NOT_FOUND,S33a177,,S33a,"Features",
NOT_FOUND,S33a178,,S33a,"Midnight Wait",
NOT_FOUND,S33a179,,S33a,"Selected",
NOT_FOUND,S33a180,,S33a,"Amazing Place",
NOT_FOUND,S33a181,,S33a,"Better Place",
NOT_FOUND,S33a182,,S33a,"Crazy People",
NOT_FOUND,S33a183,,S33a,"Dealing With Them",
NOT_FOUND,S33a184,,S33a,"Meeting Them",
NOT_FOUND,S33a185,,S33a,"Nice To Meet You",
NOT_FOUND,S33a186,,S33a,"Nice Weather",
NOT_FOUND,S33a1863,,S33a,"New Seasons",
NOT_FOUND,S33a187,,S33a,"One More Time 2",
NOT_FOUND,S33a1882,,S33a,"Sweet Summer Winds",
NOT_FOUND,S33a1883,,S33a,"The Accents",
NOT_FOUND,S33a1884,,S33a,"The Old Cabin",
NOT_FOUND,S33a1886,,S33a,"All The Claps",
NOT_FOUND,S33a1894,,S33a,"Going To A Good Home",
NOT_FOUND,S33a190,,S33a,"Big Jeans",
NOT_FOUND,S33a1902,,S33a,"Pieces Are Here",
NOT_FOUND,S33a1910,,S33a,"Store Toy",
NOT_FOUND,S33a1913,,S33a,"Walking Box",
NOT_FOUND,S33a192,,S33a,"Boom Boxes",
NOT_FOUND,S33a193,,S33a,"Dirtier Road",
NOT_FOUND,S33a194,,S33a,"Acting Cool",
NOT_FOUND,S33a195,,S33a,"All Fits Perfect",
NOT_FOUND,S33a196,,S33a,"All Out",
NOT_FOUND,S33a197,,S33a,"Away From Home 2",
NOT_FOUND,S33a198,,S33a,"Big Decision",
NOT_FOUND,S33a199,,S33a,"Calmer Weather",
NOT_FOUND,S33a200,,S33a,"Fancy Clothes",
NOT_FOUND,S33a201,,S33a,"Far Lands",
NOT_FOUND,S33a202,,S33a,"Football",
NOT_FOUND,S33a204,,S33a,"Phone Numbers",
NOT_FOUND,S33a205,,S33a,"Short Talk",
NOT_FOUND,S33a209,,S33a,"Winners",
NOT_FOUND,S33a210,,S33a,"Activities",
NOT_FOUND,S33a211,,S33a,"Alerts",
NOT_FOUND,S33a212,,S33a,"Big Box",
NOT_FOUND,S33a213,,S33a,"Broken Puppets",
NOT_FOUND,S33a214,,S33a,"Caution 2",
NOT_FOUND,S33a215,,S33a,"Circles 2",
NOT_FOUND,S33a216,,S33a,"Committee",
NOT_FOUND,S33a217,,S33a,"Dew Point",
NOT_FOUND,S33a218,,S33a,"Fiction",
NOT_FOUND,S33a2183,,S33a,"Time Equals Money",
NOT_FOUND,S33a219,,S33a,"Gasp",
NOT_FOUND,S33a220,,S33a,"Hazards",
NOT_FOUND,S33a221,,S33a,"Hooked",
NOT_FOUND,S33a222,,S33a,"Memories 2",
NOT_FOUND,S33a223,,S33a,"Motion 2",
NOT_FOUND,S33a224,,S33a,"Reports",
NOT_FOUND,S33a225,,S33a,"Radar",
NOT_FOUND,S33a226,,S33a,"Small Town",
NOT_FOUND,S33a227,,S33a,"Source",
NOT_FOUND,S33a228,,S33a,"Admission",
NOT_FOUND,S33a229,,S33a,"Cards",
NOT_FOUND,S33a230,,S33a,"Employee",
NOT_FOUND,S33a231,,S33a,"Jungle 2",
NOT_FOUND,S33a232,,S33a,"Leaves",
NOT_FOUND,S33a233,,S33a,"Privilege",
NOT_FOUND,S33a234,,S33a,"Sheriff",
NOT_FOUND,S33a235,,S33a,"Slower",
NOT_FOUND,S33a236,,S33a,"Testimony",
NOT_FOUND,S33a237,,S33a,"Time 2",
NOT_FOUND,S33a238,,S33a,"Bridge",
NOT_FOUND,S33a239,,S33a,"Ice Cream",
NOT_FOUND,S33a240,,S33a,"Rooms",
NOT_FOUND,S33a241,,S33a,"Amp",
NOT_FOUND,S33a242,,S33a,"Cake",
NOT_FOUND,S33a243,,S33a,"Choice",
NOT_FOUND,S33a244,,S33a,"Ages",
NOT_FOUND,S33a245,,S33a,"Birdie",
NOT_FOUND,S33a246,,S33a,"Brick",
NOT_FOUND,S33a247,,S33a,"Cabin",
NOT_FOUND,S33a2479,,S33a,"Look And Dance",
NOT_FOUND,S33a248,,S33a,"Clouds",
NOT_FOUND,S33a249,,S33a,"Clue",
NOT_FOUND,S33a250,,S33a,"Dates",
NOT_FOUND,S33a251,,S33a,"Dew",
NOT_FOUND,S33a252,,S33a,"Distance",
NOT_FOUND,S33a2523,,S33a,"Late Night Deep Dive",
NOT_FOUND,S33a253,,S33a,"Doors",
NOT_FOUND,S33a254,,S33a,"Duet",
NOT_FOUND,S33a255,,S33a,"Edge",
NOT_FOUND,S33a256,,S33a,"Exits",
NOT_FOUND,S33a257,,S33a,"Fields",
NOT_FOUND,S33a258,,S33a,"Fight 2",
NOT_FOUND,S33a259,,S33a,"Freeway 2",
NOT_FOUND,S33a260,,S33a,"Glass",
NOT_FOUND,S33a261,,S33a,"Great River",
NOT_FOUND,S33a262,,S33a,"Group",
NOT_FOUND,S33a263,,S33a,"Hell Canyon",
NOT_FOUND,S33a264,,S33a,"Homes",
NOT_FOUND,S33a265,,S33a,"Interstate",
NOT_FOUND,S33a266,,S33a,"Interview",
NOT_FOUND,S33a267,,S33a,"Investment",
NOT_FOUND,S33a268,,S33a,"Jets",
NOT_FOUND,S33a269,,S33a,"Mission",
NOT_FOUND,S33a2693,,S33a,"Hard To Say",
NOT_FOUND,S33a270,,S33a,"Neon",
NOT_FOUND,S33a2706,,S33a,"Very Tense",
NOT_FOUND,S33a271,,S33a,"Pacific Highway",
NOT_FOUND,S33a272,,S33a,"Passenger",
NOT_FOUND,S33a273,,S33a,"Pathway",
NOT_FOUND,S33a274,,S33a,"Push",
NOT_FOUND,S33a275,,S33a,"Rebound",
NOT_FOUND,S33a276,,S33a,"Reminder",
NOT_FOUND,S33a277,,S33a,"Reshoot",
NOT_FOUND,S33a278,,S33a,"Review",
NOT_FOUND,S33a279,,S33a,"Ridge",
NOT_FOUND,S33a282,,S33a,"State Route",
NOT_FOUND,S33a283,,S33a,"Statement",
NOT_FOUND,S33a284,,S33a,"Stock",
NOT_FOUND,S33a285,,S33a,"Street",
NOT_FOUND,S33a286,,S33a,"Teaser",
NOT_FOUND,S33a287,,S33a,"Time Zone",
NOT_FOUND,S33a288,,S33a,"Tracks",
NOT_FOUND,S33a289,,S33a,"Trail Ridge",
NOT_FOUND,S33a290,,S33a,"Trailer",
NOT_FOUND,S33a291,,S33a,"Trucks",
NOT_FOUND,S33a292,,S33a,"Turns",
NOT_FOUND,S33a293,,S33a,"Tweets",
NOT_FOUND,S33a294,,S33a,"View",
NOT_FOUND,S33a2948,,S33a,"Timelines",
NOT_FOUND,S33a295,,S33a,"Visits",
NOT_FOUND,S33a296,,S33a,"Weeks",
NOT_FOUND,S33a297,,S33a,"Wheels 2",
NOT_FOUND,S33a298,,S33a,"Wilde Road",
NOT_FOUND,S33a299,,S33a,"Wind",
NOT_FOUND,S33a300,,S33a,"Window",
NOT_FOUND,S33a301,,S33a,"Wine",
NOT_FOUND,S33a302,,S33a,"Wizards",
NOT_FOUND,S33a303,,S33a,"Band",
NOT_FOUND,S33a304,,S33a,"Coaches",
NOT_FOUND,S33a305,,S33a,"Edition",
NOT_FOUND,S33a306,,S33a,"Friends",
NOT_FOUND,S33a307,,S33a,"Playlist",
NOT_FOUND,S33a308,,S33a,"All Night",
NOT_FOUND,S33a309,,S33a,"Coming Home 2",
NOT_FOUND,S33a310,,S33a,"Jump In 2",
NOT_FOUND,S33a311,,S33a,"The Passenger",
NOT_FOUND,S33a312,,S33a,"Place To Go",
NOT_FOUND,S33a313,,S33a,"Silver Earring",
NOT_FOUND,S33a314,,S33a,"Bitter Wine",
NOT_FOUND,S33a315,,S33a,"Blazer",
NOT_FOUND,S33a316,,S33a,"Clearview",
NOT_FOUND,S33a317,,S33a,"Feeling Free",
NOT_FOUND,S33a318,,S33a,"Flip",
NOT_FOUND,S33a319,,S33a,"Four Wheels",
NOT_FOUND,S33a320,,S33a,"Full Fork",
NOT_FOUND,S33a321,,S33a,"In Deep",
NOT_FOUND,S33a322,,S33a,"Queens Avenue",
NOT_FOUND,S33a323,,S33a,"Release",
NOT_FOUND,S33a324,,S33a,"Small Case",
NOT_FOUND,S33a325,,S33a,"Sneaker",
NOT_FOUND,S33a326,,S33a,"Sweepstakes",
NOT_FOUND,S33a327,,S33a,"Two Cups",
NOT_FOUND,S33a328,,S33a,"Until Late",
NOT_FOUND,S33a329,,S33a,"Walker",
NOT_FOUND,S33a330,,S33a,"Coast Houses",
NOT_FOUND,S33a331,,S33a,"Designers",
NOT_FOUND,S33a332,,S33a,"Slow Hands",
NOT_FOUND,S33a333,,S33a,"Autumn 2",
NOT_FOUND,S33a334,,S33a,"Empty Seats",
NOT_FOUND,S33a335,,S33a,"Bank Account",
NOT_FOUND,S33a336,,S33a,"Coast Winds",
NOT_FOUND,S33a337,,S33a,"Loop Holes",
NOT_FOUND,S33a338,,S33a,"Alive",
NOT_FOUND,S33a339,,S33a,"Barefeet",
NOT_FOUND,S33a340,,S33a,"Big Signs",
NOT_FOUND,S33a341,,S33a,"Blue Fever",
NOT_FOUND,S33a342,,S33a,"Brick Blocks",
NOT_FOUND,S33a343,,S33a,"Bricks 2",
NOT_FOUND,S33a344,,S33a,"Builders",
NOT_FOUND,S33a345,,S33a,"Buildings",
NOT_FOUND,S33a346,,S33a,"Car Stereo",
NOT_FOUND,S33a347,,S33a,"Close Up",
NOT_FOUND,S33a348,,S33a,"Double Line",
NOT_FOUND,S33a349,,S33a,"Found It 2",
NOT_FOUND,S33a350,,S33a,"Future",
NOT_FOUND,S33a351,,S33a,"Gangs",
NOT_FOUND,S33a352,,S33a,"Going Down",
NOT_FOUND,S33a353,,S33a,"In Time",
NOT_FOUND,S33a354,,S33a,"Joe",
NOT_FOUND,S33a355,,S33a,"Landing Hard",
NOT_FOUND,S33a356,,S33a,"Long Road 2",
NOT_FOUND,S33a357,,S33a,"Look Out",
NOT_FOUND,S33a358,,S33a,"Loose Shoes",
NOT_FOUND,S33a359,,S33a,"Moving On",
NOT_FOUND,S33a3598,,S33a,"No Turns Yet",
NOT_FOUND,S33a360,,S33a,"One More",
NOT_FOUND,S33a361,,S33a,"Starters",
NOT_FOUND,S33a362,,S33a,"Steering Up",
NOT_FOUND,S33a363,,S33a,"Stopper",
NOT_FOUND,S33a364,,S33a,"Their Prime",
NOT_FOUND,S33a3647,,S33a,"Business As Always",
NOT_FOUND,S33a365,,S33a,"Toy Car",
NOT_FOUND,S33a366,,S33a,"Two Faces",
NOT_FOUND,S33a367,,S33a,"Walk Here",
NOT_FOUND,S33a368,,S33a,"West Palm",
NOT_FOUND,S33a369,,S33a,"Wet Roads",
NOT_FOUND,S33a370,,S33a,"Antique",
NOT_FOUND,S33a371,,S33a,"Buttons",
NOT_FOUND,S33a372,,S33a,"Lights",
NOT_FOUND,S33a373,,S33a,"Old Pictures",
NOT_FOUND,S33a374,,S33a,"Piles",
NOT_FOUND,S33a375,,S33a,"Relics",
NOT_FOUND,S33a376,,S33a,"Stories",
NOT_FOUND,S33a377,,S33a,"Things",
NOT_FOUND,S33a378,,S33a,"Baby Elephant",
NOT_FOUND,S33a379,,S33a,"Presentation",
NOT_FOUND,S33a380,,S33a,"Street 2",
NOT_FOUND,S33a381,,S33a,"Strike Up",
NOT_FOUND,S33a382,,S33a,"Strong Men",
NOT_FOUND,S33a383,,S33a,"Memory Toys",
NOT_FOUND,S33a384,,S33a,"New Adventures",
NOT_FOUND,S33a385,,S33a,"Old Pictures 2",
NOT_FOUND,S33a386,,S33a,"Round Tables",
NOT_FOUND,S33a387,,S33a,"Walking Distance",
NOT_FOUND,S33a388,,S33a,"Chaser",
NOT_FOUND,S33a389,,S33a,"Careful 3",
NOT_FOUND,S33a390,,S33a,"Fallen",
NOT_FOUND,S33a391,,S33a,"Guns",
NOT_FOUND,S33a392,,S33a,"New Noise",
NOT_FOUND,S33a393,,S33a,"Protest",
NOT_FOUND,S33a394,,S33a,"Trash 2",
NOT_FOUND,S33a395,,S33a,"Bloom",
NOT_FOUND,S33a396,,S33a,"Busier Day",
NOT_FOUND,S33a3963,,S33a,"No Turns 2",
NOT_FOUND,S33a397,,S33a,"Cups",
NOT_FOUND,S33a398,,S33a,"Fun Logo",
NOT_FOUND,S33a399,,S33a,"Ready",
NOT_FOUND,S33a400,,S33a,"Simple Plan",
NOT_FOUND,S33a401,,S33a,"Slicker",
NOT_FOUND,S33a402,,S33a,"Cheeky Plum",
NOT_FOUND,S33a403,,S33a,"Club Chairs",
NOT_FOUND,S33a404,,S33a,"Easy Now",
NOT_FOUND,S33a405,,S33a,"Toys",
NOT_FOUND,S33a406,,S33a,"Trip",
NOT_FOUND,S33a407,,S33a,"Three Wheels",
NOT_FOUND,S33a408,,S33a,"Bike Shop",
NOT_FOUND,S33a409,,S33a,"Bottles",
NOT_FOUND,S33a410,,S33a,"Danger",
NOT_FOUND,S33a411,,S33a,"Deputation",
NOT_FOUND,S33a412,,S33a,"Five Dollars",
NOT_FOUND,S33a413,,S33a,"Fresh Air",
NOT_FOUND,S33a414,,S33a,"Funny Guys",
NOT_FOUND,S33a415,,S33a,"Metals",
NOT_FOUND,S33a416,,S33a,"Pearls",
NOT_FOUND,S33a417,,S33a,"Ports",
NOT_FOUND,S33a418,,S33a,"Tables",
NOT_FOUND,S33a419,,S33a,"Twists",
NOT_FOUND,S33a420,,S33a,"Walking",
NOT_FOUND,S33a421,,S33a,"Wars",
NOT_FOUND,S33a422,,S33a,"With A Beat",
NOT_FOUND,S33a423,,S33a,"Decisions",
NOT_FOUND,S33a424,,S33a,"Drama Princess",
NOT_FOUND,S33a4247,,S33a,"To Do That",
NOT_FOUND,S33a425,,S33a,"Dreamatizer",
NOT_FOUND,S33a4257,,S33a,"Glowing Like A Midnight Starlight",
NOT_FOUND,S33a4258,,S33a,"I Was Taken Back",
NOT_FOUND,S33a4259,,S33a,"Just Like That Here",
NOT_FOUND,S33a426,,S33a,"Harlem Band",
NOT_FOUND,S33a4260,,S33a,"Lights Up Beat Drop",
NOT_FOUND,S33a4261,,S33a,"My Smooth Points",
NOT_FOUND,S33a4263,,S33a,"Who Is Ready To Dance",
NOT_FOUND,S33a4264,,S33a,"Got The Bite",
NOT_FOUND,S33a4265,,S33a,"Over The Leeds",
NOT_FOUND,S33a4266,,S33a,"Pair Of Party Boots",
NOT_FOUND,S33a4267,,S33a,"Play The Tune DJ",
NOT_FOUND,S33a4269,,S33a,"Put My Glass Down",
NOT_FOUND,S33a427,,S33a,"Hot Robbery",
NOT_FOUND,S33a4270,,S33a,"Ready To Jump On It",
NOT_FOUND,S33a4271,,S33a,"Some Dude's Bar",
NOT_FOUND,S33a4273,,S33a,"Bit Of A Disaster",
NOT_FOUND,S33a4274,,S33a,"Bit Traumatized",
NOT_FOUND,S33a4275,,S33a,"But Like Nowhere",
NOT_FOUND,S33a4276,,S33a,"Clearly Through It",
NOT_FOUND,S33a4277,,S33a,"Dark And Scary Times",
NOT_FOUND,S33a4278,,S33a,"Awful Dark Intentions",
NOT_FOUND,S33a4279,,S33a,"Getting Closer",
NOT_FOUND,S33a428,,S33a,"Connection",
NOT_FOUND,S33a4280,,S33a,"Good To Find Out",
NOT_FOUND,S33a4281,,S33a,"How Much Of That",
NOT_FOUND,S33a4283,,S33a,"Broken Signals",
NOT_FOUND,S33a4284,,S33a,"Cute Dance Moves",
NOT_FOUND,S33a4285,,S33a,"Dance Burn",
NOT_FOUND,S33a4286,,S33a,"Dance Spirits",
NOT_FOUND,S33a4287,,S33a,"Dancing With Oddities",
NOT_FOUND,S33a4288,,S33a,"Day Pass Dreams",
NOT_FOUND,S33a4289,,S33a,"Drunk Crazy",
NOT_FOUND,S33a429,,S33a,"Escaped",
NOT_FOUND,S33a4290,,S33a,"Earth Shaker",
NOT_FOUND,S33a4291,,S33a,"Electric Velocity Night",
NOT_FOUND,S33a4293,,S33a,"Game's Not Over",
NOT_FOUND,S33a4294,,S33a,"Go My Friends",
NOT_FOUND,S33a4295,,S33a,"Have Few Drinks",
NOT_FOUND,S33a4296,,S33a,"How Much You Mean To Me",
NOT_FOUND,S33a4297,,S33a,"I Came Here",
NOT_FOUND,S33a4298,,S33a,"I Feel Them",
NOT_FOUND,S33a4299,,S33a,"By The Time I'm Done",
NOT_FOUND,S33a430,,S33a,"Far End",
NOT_FOUND,S33a4300,,S33a,"Going With It Right Now",
NOT_FOUND,S33a4301,,S33a,"I Just Trust Me",
NOT_FOUND,S33a4303,,S33a,"Least Recognize It",
NOT_FOUND,S33a4304,,S33a,"Lost Among The Questions",
NOT_FOUND,S33a4305,,S33a,"Need To Be Real",
NOT_FOUND,S33a4306,,S33a,"Opposite Bar",
NOT_FOUND,S33a4307,,S33a,"People Who Know",
NOT_FOUND,S33a4308,,S33a,"Ten Times Sneak",
NOT_FOUND,S33a4309,,S33a,"Us Not Them",
NOT_FOUND,S33a431,,S33a,"Funky Pants",
NOT_FOUND,S33a4310,,S33a,"Chasing The Unseen Party",
NOT_FOUND,S33a4311,,S33a,"Dance Tonight All Night",
NOT_FOUND,S33a4313,,S33a,"Here I Go Now",
NOT_FOUND,S33a4314,,S33a,"Southern March",
NOT_FOUND,S33a4315,,S33a,"We Made It Here",
NOT_FOUND,S33a4316,,S33a,"We Made It Right",
NOT_FOUND,S33a4317,,S33a,"Weird Relationship",
NOT_FOUND,S33a4318,,S33a,"Welcome And Good",
NOT_FOUND,S33a4319,,S33a,"What About That",
NOT_FOUND,S33a432,,S33a,"Glass Cars",
NOT_FOUND,S33a4320,,S33a,"What The F Is That",
NOT_FOUND,S33a4321,,S33a,"What Is Your Story",
NOT_FOUND,S33a4323,,S33a,"When You Know",
NOT_FOUND,S33a4324,,S33a,"Whoo Ha",
NOT_FOUND,S33a4325,,S33a,"Wired Visions",
NOT_FOUND,S33a4326,,S33a,"With Any Of It",
NOT_FOUND,S33a4329,,S33a,"Breeze And Ride",
NOT_FOUND,S33a433,,S33a,"Green Papers",
NOT_FOUND,S33a4335,,S33a,"All Of The Games We Play",
NOT_FOUND,S33a4336,,S33a,"Along The Lonely Road",
NOT_FOUND,S33a4337,,S33a,"Beneath A Golden Sky",
NOT_FOUND,S33a4338,,S33a,"Bigger Tournament",
NOT_FOUND,S33a4339,,S33a,"Built To Strive",
NOT_FOUND,S33a434,,S33a,"Happy Drive",
NOT_FOUND,S33a4340,,S33a,"Chase The Night",
NOT_FOUND,S33a4344,,S33a,"Come On Let's Go",
NOT_FOUND,S33a4345,,S33a,"Dance Through The Day",
NOT_FOUND,S33a4346,,S33a,"Dancing Through It",
NOT_FOUND,S33a4347,,S33a,"Drift Along The Waterway",
NOT_FOUND,S33a4349,,S33a,"Faces Turning",
NOT_FOUND,S33a435,,S33a,"Instincts",
NOT_FOUND,S33a4350,,S33a,"Fast Fades",
NOT_FOUND,S33a4351,,S33a,"Flames Will Not Fade",
NOT_FOUND,S33a436,,S33a,"Intro",
NOT_FOUND,S33a437,,S33a,"Mess",
NOT_FOUND,S33a438,,S33a,"Nurses",
NOT_FOUND,S33a439,,S33a,"Old Boxes",
NOT_FOUND,S33a440,,S33a,"Rocky Rockers",
NOT_FOUND,S33a4403,,S33a,"Beat Drop Fever",
NOT_FOUND,S33a4404,,S33a,"Counting What Ifs",
NOT_FOUND,S33a4405,,S33a,"Dare To Dive Fast",
NOT_FOUND,S33a4406,,S33a,"Dreamy Shattered Sparkle",
NOT_FOUND,S33a4407,,S33a,"For Those Who Need This",
NOT_FOUND,S33a4408,,S33a,"Always Grinding Through",
NOT_FOUND,S33a4409,,S33a,"Hey Don't Be Late",
NOT_FOUND,S33a441,,S33a,"Soda",
NOT_FOUND,S33a4410,,S33a,"Hold On To Someday",
NOT_FOUND,S33a4411,,S33a,"Honeymoon",
NOT_FOUND,S33a4413,,S33a,"In Some Clubs",
NOT_FOUND,S33a4414,,S33a,"Infinite Spark",
NOT_FOUND,S33a4415,,S33a,"Into The Ride",
NOT_FOUND,S33a4416,,S33a,"It Came Up Like That",
NOT_FOUND,S33a4417,,S33a,"Last Call Bar",
NOT_FOUND,S33a4418,,S33a,"Last Schooling",
NOT_FOUND,S33a4419,,S33a,"Let Your Voice Ring",
NOT_FOUND,S33a442,,S33a,"Tall Windows",
NOT_FOUND,S33a4420,,S33a,"Lightning Stride",
NOT_FOUND,S33a4421,,S33a,"Lights At Midnight",
NOT_FOUND,S33a4423,,S33a,"Looking Back This Time Around",
NOT_FOUND,S33a4424,,S33a,"Lost In The Buzz",
NOT_FOUND,S33a4425,,S33a,"Lost In Why",
NOT_FOUND,S33a4426,,S33a,"Make Me Dance",
NOT_FOUND,S33a4427,,S33a,"Make Me Move",
NOT_FOUND,S33a4428,,S33a,"Memories Fun",
NOT_FOUND,S33a4429,,S33a,"Midnight Blink",
NOT_FOUND,S33a443,,S33a,"The Place",
NOT_FOUND,S33a4430,,S33a,"Beneath The Moonlight",
NOT_FOUND,S33a4431,,S33a,"Drift Along The Path",
NOT_FOUND,S33a4433,,S33a,"Midnight Letters Unseen",
NOT_FOUND,S33a4455,,S33a,"Mirrors Of Joy",
NOT_FOUND,S33a4456,,S33a,"Moments In Transit",
NOT_FOUND,S33a4457,,S33a,"My Hat Is Cool",
NOT_FOUND,S33a4458,,S33a,"My Timeless Flame",
NOT_FOUND,S33a4459,,S33a,"New Class Dance",
NOT_FOUND,S33a4460,,S33a,"New Plastic Toys",
NOT_FOUND,S33a4461,,S33a,"New Rules New Faces",
NOT_FOUND,S33a4463,,S33a,"Now We Are Here",
NOT_FOUND,S33a4464,,S33a,"Racing Thoughts Walk",
NOT_FOUND,S33a4465,,S33a,"Racing Time",
NOT_FOUND,S33a4466,,S33a,"Rhythm Among The Crowd",
NOT_FOUND,S33a4467,,S33a,"Shift In A Blink",
NOT_FOUND,S33a4468,,S33a,"Swang It",
NOT_FOUND,S33a4469,,S33a,"Talk Vibes",
NOT_FOUND,S33a4470,,S33a,"Tell How Long",
NOT_FOUND,S33a4471,,S33a,"Tell Me What Time",
NOT_FOUND,S33a4473,,S33a,"Walk Through Light",
NOT_FOUND,S33a4474,,S33a,"You Don't Know My Name",
NOT_FOUND,S33a4475,,S33a,"Here Is The Rock",
NOT_FOUND,S33a4476,,S33a,"Less Words",
NOT_FOUND,S33a4477,,S33a,"South Side Sea",
NOT_FOUND,S33a4478,,S33a,"Street Legal",
NOT_FOUND,S33a4479,,S33a,"Sun Comes Down",
NOT_FOUND,S33a4489,,S33a,"Eccentricity",
NOT_FOUND,S33a449,,S33a,"Capitol",
NOT_FOUND,S33a4490,,S33a,"Going Big",
NOT_FOUND,S33a4491,,S33a,"Got My Back",
NOT_FOUND,S33a4493,,S33a,"Midnight Doorstep",
NOT_FOUND,S33a4494,,S33a,"The Evidence",
NOT_FOUND,S33a4495,,S33a,"Beneath Dark Skies",
NOT_FOUND,S33a4496,,S33a,"Chasing These Nightmares",
NOT_FOUND,S33a4497,,S33a,"Dark Moonlight",
NOT_FOUND,S33a4498,,S33a,"Dark Winter",
NOT_FOUND,S33a4499,,S33a,"Darkened Paths",
NOT_FOUND,S33a450,,S33a,"Hurt",
NOT_FOUND,S33a4500,,S33a,"Days In Half",
NOT_FOUND,S33a4501,,S33a,"Doing It In The Dark",
NOT_FOUND,S33a4503,,S33a,"Focus Source",
NOT_FOUND,S33a4504,,S33a,"It Took Longer",
NOT_FOUND,S33a4505,,S33a,"No Stopping Darkness",
NOT_FOUND,S33a4506,,S33a,"Lower Lights",
NOT_FOUND,S33a4507,,S33a,"Off The Abyss",
NOT_FOUND,S33a4508,,S33a,"On The Other Blade",
NOT_FOUND,S33a4509,,S33a,"Red Skies",
NOT_FOUND,S33a451,,S33a,"Pained",
NOT_FOUND,S33a4510,,S33a,"Roads Of Voices",
NOT_FOUND,S33a4511,,S33a,"Sacret Dark Shrine",
NOT_FOUND,S33a4513,,S33a,"Shattered Winds",
NOT_FOUND,S33a4514,,S33a,"Sonic Dark Rooms",
NOT_FOUND,S33a4515,,S33a,"Stormbound",
NOT_FOUND,S33a4516,,S33a,"Strange Choir Above",
NOT_FOUND,S33a4517,,S33a,"Sustain Drills",
NOT_FOUND,S33a4518,,S33a,"The Abyss Files",
NOT_FOUND,S33a4519,,S33a,"The Dark Notes",
NOT_FOUND,S33a452,,S33a,"Pulsing",
NOT_FOUND,S33a4520,,S33a,"This Not Good Task",
NOT_FOUND,S33a4521,,S33a,"Through Many Winters",
NOT_FOUND,S33a4523,,S33a,"Underworld Gates",
NOT_FOUND,S33a4524,,S33a,"Wet Spooky Streets",
NOT_FOUND,S33a4525,,S33a,"Bachata On The Boardwalk",
NOT_FOUND,S33a4526,,S33a,"Coming Straight And Unafraid",
NOT_FOUND,S33a4527,,S33a,"Dancing On The Edge Of Danger",
NOT_FOUND,S33a4528,,S33a,"Fingers Tracing",
NOT_FOUND,S33a4529,,S33a,"Footprints Of Wonder",
NOT_FOUND,S33a453,,S33a,"Sea",
NOT_FOUND,S33a4530,,S33a,"Ghostwalk Groove",
NOT_FOUND,S33a4531,,S33a,"Here Forever And Now",
NOT_FOUND,S33a4533,,S33a,"Leftovers In The Sky",
NOT_FOUND,S33a4534,,S33a,"Molasses Moonlight",
NOT_FOUND,S33a4535,,S33a,"My Game Wakes",
NOT_FOUND,S33a4536,,S33a,"My Silent Muscles",
NOT_FOUND,S33a4537,,S33a,"Over For Midnight",
NOT_FOUND,S33a4538,,S33a,"Playing For Keeps",
NOT_FOUND,S33a4539,,S33a,"Race Against The Clock",
NOT_FOUND,S33a454,,S33a,"Stay",
NOT_FOUND,S33a4540,,S33a,"Sidewalk Serenade",
NOT_FOUND,S33a4541,,S33a,"These Steps Between",
NOT_FOUND,S33a4543,,S33a,"Behind The Defence",
NOT_FOUND,S33a4544,,S33a,"City Of Miles",
NOT_FOUND,S33a4545,,S33a,"Drama Monsters",
NOT_FOUND,S33a4546,,S33a,"Drama Scam",
NOT_FOUND,S33a4547,,S33a,"Dramatic Start",
NOT_FOUND,S33a4548,,S33a,"Drive Mode",
NOT_FOUND,S33a4549,,S33a,"Exploding Places",
NOT_FOUND,S33a455,,S33a,"The Backyard",
NOT_FOUND,S33a4550,,S33a,"Firestorm Spark",
NOT_FOUND,S33a4551,,S33a,"Furious Fiction",
NOT_FOUND,S33a4553,,S33a,"It Never Ends",
NOT_FOUND,S33a4554,,S33a,"Stay In The Game",
NOT_FOUND,S33a4555,,S33a,"Intentions Tracks",
NOT_FOUND,S33a4556,,S33a,"Just Open It",
NOT_FOUND,S33a4557,,S33a,"Kingpin",
NOT_FOUND,S33a4558,,S33a,"Look At That Watch",
NOT_FOUND,S33a4559,,S33a,"New Designs",
NOT_FOUND,S33a456,,S33a,"The Bathroom",
NOT_FOUND,S33a4560,,S33a,"Nice To Meet You Again",
NOT_FOUND,S33a4561,,S33a,"Not Go Out",
NOT_FOUND,S33a4563,,S33a,"Playful Modes",
NOT_FOUND,S33a4564,,S33a,"Powerful Schemes",
NOT_FOUND,S33a4565,,S33a,"Reigns Of Moves",
NOT_FOUND,S33a4566,,S33a,"There Is Now A Way",
NOT_FOUND,S33a4567,,S33a,"There Will Be A Day",
NOT_FOUND,S33a4568,,S33a,"Big Request",
NOT_FOUND,S33a4569,,S33a,"Candy Coating",
NOT_FOUND,S33a457,,S33a,"The Cells",
NOT_FOUND,S33a4570,,S33a,"Dancing Shadows",
NOT_FOUND,S33a4571,,S33a,"Warm Sunlight",
NOT_FOUND,S33a4573,,S33a,"We Do Not Remember",
NOT_FOUND,S33a4574,,S33a,"Dancing With Electric Hearts",
NOT_FOUND,S33a4575,,S33a,"Dream Within Plans",
NOT_FOUND,S33a4576,,S33a,"Dusty Bags",
NOT_FOUND,S33a4577,,S33a,"Empowered Light",
NOT_FOUND,S33a4578,,S33a,"Faded Stars",
NOT_FOUND,S33a4579,,S33a,"Ground Steps",
NOT_FOUND,S33a458,,S33a,"The Basement",
NOT_FOUND,S33a4580,,S33a,"He Lies Behind",
NOT_FOUND,S33a4581,,S33a,"Horizons Are Uncharted",
NOT_FOUND,S33a4583,,S33a,"Like A Movie",
NOT_FOUND,S33a4584,,S33a,"Me Like Others",
NOT_FOUND,S33a4585,,S33a,"Mirror And Me",
NOT_FOUND,S33a4586,,S33a,"Nice With Trust",
NOT_FOUND,S33a4587,,S33a,"No Denies Needed",
NOT_FOUND,S33a4588,,S33a,"Nothing Like It",
NOT_FOUND,S33a4589,,S33a,"Our Journey On Wheels",
NOT_FOUND,S33a459,,S33a,"The Garage",
NOT_FOUND,S33a4590,,S33a,"Our Perfect Collision",
NOT_FOUND,S33a4591,,S33a,"Party Of Dreams On Fire",
NOT_FOUND,S33a4593,,S33a,"Quick Distance",
NOT_FOUND,S33a4594,,S33a,"Revisited Reel",
NOT_FOUND,S33a4595,,S33a,"Secrets In Town",
NOT_FOUND,S33a4596,,S33a,"Simulated Realm",
NOT_FOUND,S33a4597,,S33a,"Spicy Dance",
NOT_FOUND,S33a4598,,S33a,"Spy Drama",
NOT_FOUND,S33a4599,,S33a,"Stand Up Drama",
NOT_FOUND,S33a460,,S33a,"The Hallway",
NOT_FOUND,S33a4600,,S33a,"Stood Here Before",
NOT_FOUND,S33a4601,,S33a,"Sunlight Dancers",
NOT_FOUND,S33a4603,,S33a,"These Aligning Reasons",
NOT_FOUND,S33a4604,,S33a,"Breeze Through",
NOT_FOUND,S33a4605,,S33a,"Do You Know The Truth",
NOT_FOUND,S33a4606,,S33a,"Give Me One And Good",
NOT_FOUND,S33a4607,,S33a,"Hanging On The Edge",
NOT_FOUND,S33a4608,,S33a,"Hollow Handshake",
NOT_FOUND,S33a4609,,S33a,"Layover Of Love",
NOT_FOUND,S33a461,,S33a,"The Pool",
NOT_FOUND,S33a4610,,S33a,"This Freaky Place",
NOT_FOUND,S33a4611,,S33a,"This Will Doom Them",
NOT_FOUND,S33a4613,,S33a,"Euphoria In The Glitch",
NOT_FOUND,S33a4614,,S33a,"Investigate This Agent",
NOT_FOUND,S33a4615,,S33a,"It Already Started Here",
NOT_FOUND,S33a4616,,S33a,"Kinship Puzzle",
NOT_FOUND,S33a4617,,S33a,"Now And Cozy",
NOT_FOUND,S33a4618,,S33a,"Paved Paths Around",
NOT_FOUND,S33a4619,,S33a,"Places We Know",
NOT_FOUND,S33a462,,S33a,"The Roof",
NOT_FOUND,S33a4620,,S33a,"Shimmer Sky",
NOT_FOUND,S33a4621,,S33a,"Slow Coming",
NOT_FOUND,S33a4623,,S33a,"Uneven Tracks",
NOT_FOUND,S33a4624,,S33a,"Updated",
NOT_FOUND,S33a4625,,S33a,"Walking Into Sapphire",
NOT_FOUND,S33a4626,,S33a,"When Hands Meet",
NOT_FOUND,S33a4627,,S33a,"Who Holds The Scale",
NOT_FOUND,S33a4628,,S33a,"All Together In The Glow",
NOT_FOUND,S33a4629,,S33a,"Close Across The Skyline",
NOT_FOUND,S33a463,,S33a,"The Rooms",
NOT_FOUND,S33a4630,,S33a,"Folded Paper Confessions",
NOT_FOUND,S33a4631,,S33a,"From The Break To This",
NOT_FOUND,S33a4633,,S33a,"Hands Across Harvest",
NOT_FOUND,S33a4634,,S33a,"Just A Passport To The Sun",
NOT_FOUND,S33a4635,,S33a,"Lipstick On The Runway",
NOT_FOUND,S33a4636,,S33a,"Median Of Our Days",
NOT_FOUND,S33a4637,,S33a,"MidnightSlice",
NOT_FOUND,S33a4638,,S33a,"Strut Like Stardust",
NOT_FOUND,S33a4639,,S33a,"Full Of Flavors",
NOT_FOUND,S33a464,,S33a,"The Table",
NOT_FOUND,S33a4640,,S33a,"Loud Retro Speakers",
NOT_FOUND,S33a4641,,S33a,"Midnight Caress",
NOT_FOUND,S33a4643,,S33a,"Sunset Vibes",
NOT_FOUND,S33a4644,,S33a,"Tears Night",
NOT_FOUND,S33a4645,,S33a,"Thank You For Watching",
NOT_FOUND,S33a4646,,S33a,"Them Good People",
NOT_FOUND,S33a4647,,S33a,"There Is The Line",
NOT_FOUND,S33a4648,,S33a,"Those Dudes",
NOT_FOUND,S33a4649,,S33a,"Threads Of Fate",
NOT_FOUND,S33a465,,S33a,"Votes",
NOT_FOUND,S33a4650,,S33a,"Time Evolved",
NOT_FOUND,S33a4651,,S33a,"Told You So",
NOT_FOUND,S33a4653,,S33a,"Twisted Ties",
NOT_FOUND,S33a4654,,S33a,"Two Pushes",
NOT_FOUND,S33a4655,,S33a,"Unfolded Boys",
NOT_FOUND,S33a4656,,S33a,"Unstoppable News",
NOT_FOUND,S33a4657,,S33a,"Unstoppable Luck",
NOT_FOUND,S33a4658,,S33a,"Untold Things",
NOT_FOUND,S33a4659,,S33a,"Up The Sun",
NOT_FOUND,S33a466,,S33a,"Lifes A Journey",
NOT_FOUND,S33a4660,,S33a,"Veils",
NOT_FOUND,S33a4661,,S33a,"Velocity Moves",
NOT_FOUND,S33a4663,,S33a,"Vibrance Of Rhythms",
NOT_FOUND,S33a4664,,S33a,"Victory Run",
NOT_FOUND,S33a4665,,S33a,"Wave Bliss",
NOT_FOUND,S33a4666,,S33a,"Waves Of Lights",
NOT_FOUND,S33a4667,,S33a,"We Are Bright",
NOT_FOUND,S33a4668,,S33a,"Wildflower Rooms",
NOT_FOUND,S33a4669,,S33a,"Fading Dance",
NOT_FOUND,S33a467,,S33a,"Toy Cars",
NOT_FOUND,S33a4670,,S33a,"Fun Content",
NOT_FOUND,S33a4671,,S33a,"Nothing On Us",
NOT_FOUND,S33a4673,,S33a,"Going Up The Air",
NOT_FOUND,S33a4674,,S33a,"Golden Rays",
NOT_FOUND,S33a4675,,S33a,"Great Summer With You",
NOT_FOUND,S33a4676,,S33a,"Harmony In Rivalry",
NOT_FOUND,S33a4677,,S33a,"Hot Sunshine Celebration",
NOT_FOUND,S33a4678,,S33a,"Just A Little Touch",
NOT_FOUND,S33a4679,,S33a,"Limit Me",
NOT_FOUND,S33a468,,S33a,"Overboard",
NOT_FOUND,S33a4680,,S33a,"Luminous Lamps",
NOT_FOUND,S33a4681,,S33a,"Do Act Now",
NOT_FOUND,S33a4683,,S33a,"Ballad Of Promised Dawn",
NOT_FOUND,S33a4684,,S33a,"Dreamy Echoes Of Home",
NOT_FOUND,S33a4685,,S33a,"Here We Go, Here We Are",
NOT_FOUND,S33a4686,,S33a,"Let Us Do It Again",
NOT_FOUND,S33a4687,,S33a,"Light As Lead",
NOT_FOUND,S33a4688,,S33a,"My Shadowed Footprints",
NOT_FOUND,S33a4689,,S33a,"After Hours Roof Run",
NOT_FOUND,S33a469,,S33a,"Small Jobs",
NOT_FOUND,S33a4690,,S33a,"All Cupcakes",
NOT_FOUND,S33a4691,,S33a,"Apex Of Us",
NOT_FOUND,S33a4693,,S33a,"Blink Bounce",
NOT_FOUND,S33a4694,,S33a,"But Knock First",
NOT_FOUND,S33a4695,,S33a,"Chrome Hearts",
NOT_FOUND,S33a4696,,S33a,"Emortality",
NOT_FOUND,S33a4697,,S33a,"Fresh Day Revolution",
NOT_FOUND,S33a4698,,S33a,"Fridge At Midnight",
NOT_FOUND,S33a4699,,S33a,"Goodness Factory",
NOT_FOUND,S33a470,,S33a,"Bulldogs",
NOT_FOUND,S33a4700,,S33a,"Great Eyelid",
NOT_FOUND,S33a4701,,S33a,"Hour Reborn",
NOT_FOUND,S33a4703,,S33a,"Lightning Leap",
NOT_FOUND,S33a4704,,S33a,"Quickstep To The Sky",
NOT_FOUND,S33a4705,,S33a,"Turbo Hop Tonight",
NOT_FOUND,S33a4706,,S33a,"Arrows Find Home",
NOT_FOUND,S33a4707,,S33a,"Confused And Lost",
NOT_FOUND,S33a4708,,S33a,"Cross Quiet",
NOT_FOUND,S33a4709,,S33a,"Deal Me Another",
NOT_FOUND,S33a471,,S33a,"New Places",
NOT_FOUND,S33a4710,,S33a,"Dialogue After Dark",
NOT_FOUND,S33a4711,,S33a,"Every Slow Second",
NOT_FOUND,S33a4713,,S33a,"Afterburner",
NOT_FOUND,S33a4714,,S33a,"Aftermath Of The Storm",
NOT_FOUND,S33a4715,,S33a,"All Aligned",
NOT_FOUND,S33a4716,,S33a,"All Kinds Of Wrong",
NOT_FOUND,S33a4717,,S33a,"Along The Ridge",
NOT_FOUND,S33a4718,,S33a,"An Overture For Two",
NOT_FOUND,S33a4719,,S33a,"Around Nothing Scary",
NOT_FOUND,S33a472,,S33a,"Roofs",
NOT_FOUND,S33a4720,,S33a,"Ask Your Friend Today",
NOT_FOUND,S33a4721,,S33a,"At Our Undertake",
NOT_FOUND,S33a4723,,S33a,"Bearing Insane Tasks",
NOT_FOUND,S33a4724,,S33a,"Big Pull",
NOT_FOUND,S33a4725,,S33a,"Brilliant Light",
NOT_FOUND,S33a4726,,S33a,"Caramel Counsel",
NOT_FOUND,S33a4727,,S33a,"Casings On Silent",
NOT_FOUND,S33a4728,,S33a,"Chasing An Unseen",
NOT_FOUND,S33a4729,,S33a,"Becoming The Stranger",
NOT_FOUND,S33a473,,S33a,"Old Stories",
NOT_FOUND,S33a4730,,S33a,"Being Like A Stranger",
NOT_FOUND,S33a4731,,S33a,"Beneath The Lamp",
NOT_FOUND,S33a4733,,S33a,"Clenched City",
NOT_FOUND,S33a4734,,S33a,"Counting These Seconds",
NOT_FOUND,S33a4735,,S33a,"Crossfire At Dawn",
NOT_FOUND,S33a4736,,S33a,"Cue The Final Light",
NOT_FOUND,S33a4737,,S33a,"Darker Empty Lights",
NOT_FOUND,S33a4738,,S33a,"Down The Stairs",
NOT_FOUND,S33a4739,,S33a,"Darker Moments",
NOT_FOUND,S33a474,,S33a,"Sweet Beat",
NOT_FOUND,S33a4740,,S33a,"Edge Of The Crosswalk",
NOT_FOUND,S33a4741,,S33a,"Full Of Strangers",
NOT_FOUND,S33a4743,,S33a,"I'd Hold Your Breath",
NOT_FOUND,S33a4744,,S33a,"House Lights Fade",
NOT_FOUND,S33a4745,,S33a,"In The Tense Move",
NOT_FOUND,S33a4746,,S33a,"Knotted Shoulders",
NOT_FOUND,S33a4747,,S33a,"Again But Never",
NOT_FOUND,S33a4748,,S33a,"Burnout Boulevard",
NOT_FOUND,S33a4749,,S33a,"Clock Thoughts",
NOT_FOUND,S33a475,,S33a,"Unfazed",
NOT_FOUND,S33a4750,,S33a,"Colossal Confession",
NOT_FOUND,S33a4751,,S33a,"Confessions Of Standard Actors",
NOT_FOUND,S33a4753,,S33a,"Clever Ways",
NOT_FOUND,S33a4754,,S33a,"Your Tense Breath",
NOT_FOUND,S33a4755,,S33a,"Cover Up That Thing",
NOT_FOUND,S33a4756,,S33a,"Waiting For It To Happen",
NOT_FOUND,S33a4757,,S33a,"Danger And Trouble",
NOT_FOUND,S33a4758,,S33a,"Velvet Nightfall",
NOT_FOUND,S33a4759,,S33a,"Traces Of What We Seek",
NOT_FOUND,S33a476,,S33a,"Awake",
NOT_FOUND,S33a4760,,S33a,"Tightrope Of Talk",
NOT_FOUND,S33a4761,,S33a,"To The Knife",
NOT_FOUND,S33a4763,,S33a,"Air Seats",
NOT_FOUND,S33a4764,,S33a,"Bounced Off",
NOT_FOUND,S33a4765,,S33a,"Can Not Let This Stop",
NOT_FOUND,S33a4766,,S33a,"Drift With The Current",
NOT_FOUND,S33a4767,,S33a,"DirtyDarkDrama",
NOT_FOUND,S33a4768,,S33a,"Discourse At Midnight",
NOT_FOUND,S33a4769,,S33a,"Do Not Care Now",
NOT_FOUND,S33a477,,S33a,"Cherry Colors",
NOT_FOUND,S33a4770,,S33a,"Every Stepping Moment",
NOT_FOUND,S33a4771,,S33a,"Fixation Of Velvet",
NOT_FOUND,S33a4773,,S33a,"Here Is Where We Start",
NOT_FOUND,S33a4774,,S33a,"Counting Reasons",
NOT_FOUND,S33a4775,,S33a,"Your Daily Dose",
NOT_FOUND,S33a4776,,S33a,"Empty Crowd",
NOT_FOUND,S33a4777,,S33a,"Fickle Drow",
NOT_FOUND,S33a4778,,S33a,"Hands That Learn",
NOT_FOUND,S33a4779,,S33a,"In Fast Forward",
NOT_FOUND,S33a478,,S33a,"High Tops",
NOT_FOUND,S33a4780,,S33a,"Just Seconds",
NOT_FOUND,S33a4781,,S33a,"Last Call Stampede",
NOT_FOUND,S33a4783,,S33a,"Long Under",
NOT_FOUND,S33a4784,,S33a,"Me Too",
NOT_FOUND,S33a4785,,S33a,"Our Cast In Stonelight",
NOT_FOUND,S33a4786,,S33a,"Our Love Promises",
NOT_FOUND,S33a4787,,S33a,"Portrait Of A Nice Face",
NOT_FOUND,S33a4788,,S33a,"Promised Fields",
NOT_FOUND,S33a4789,,S33a,"Route To Vitality",
NOT_FOUND,S33a479,,S33a,"All Access",
NOT_FOUND,S33a4790,,S33a,"Sugarcoat Rework",
NOT_FOUND,S33a4791,,S33a,"The Drama Road",
NOT_FOUND,S33a4793,,S33a,"Trailing Hearts",
NOT_FOUND,S33a4794,,S33a,"Victory At Dawn",
NOT_FOUND,S33a4795,,S33a,"Viral On A Stick",
NOT_FOUND,S33a4796,,S33a,"We Are Not Waiting",
NOT_FOUND,S33a4797,,S33a,"Need The Air",
NOT_FOUND,S33a4798,,S33a,"Our New Adventure",
NOT_FOUND,S33a4799,,S33a,"Our Summer Yard",
NOT_FOUND,S33a480,,S33a,"Arriving",
NOT_FOUND,S33a4800,,S33a,"Path Leads Us",
NOT_FOUND,S33a4801,,S33a,"Get Revved Up",
NOT_FOUND,S33a4803,,S33a,"She Is Here For You",
NOT_FOUND,S33a4804,,S33a,"So Much Easier Now",
NOT_FOUND,S33a4805,,S33a,"The Entire Crowd",
NOT_FOUND,S33a4806,,S33a,"Trip And Fun",
NOT_FOUND,S33a4807,,S33a,"Under The Sun Dancers",
NOT_FOUND,S33a4808,,S33a,"What Is Coming Up",
NOT_FOUND,S33a4809,,S33a,"Arson On",
NOT_FOUND,S33a481,,S33a,"Backstage Pass",
NOT_FOUND,S33a4810,,S33a,"Cadence Of Commitment",
NOT_FOUND,S33a4811,,S33a,"Hands On Cash",
NOT_FOUND,S33a4813,,S33a,"March Of Duty",
NOT_FOUND,S33a4814,,S33a,"Marching Darkness Takes Steps",
NOT_FOUND,S33a4815,,S33a,"Paper Trails",
NOT_FOUND,S33a4816,,S33a,"Sticky Chunks",
NOT_FOUND,S33a4817,,S33a,"Coconut Bay",
NOT_FOUND,S33a4818,,S33a,"Our Sandy Sprint",
NOT_FOUND,S33a4819,,S33a,"Tidepool Daydream",
NOT_FOUND,S33a482,,S33a,"Blue Trees",
NOT_FOUND,S33a4820,,S33a,"Able To Dance Fast",
NOT_FOUND,S33a4821,,S33a,"All That Hot Salsa",
NOT_FOUND,S33a4823,,S33a,"Active Club",
NOT_FOUND,S33a4824,,S33a,"Cosmic Dust",
NOT_FOUND,S33a4825,,S33a,"Legal Beach Tones",
NOT_FOUND,S33a4826,,S33a,"Like A Warm Trip",
NOT_FOUND,S33a4827,,S33a,"Lots To See And Feel",
NOT_FOUND,S33a4828,,S33a,"Hidden Isles",
NOT_FOUND,S33a4829,,S33a,"Driftwood On Islands",
NOT_FOUND,S33a483,,S33a,"Chicago Bars",
NOT_FOUND,S33a4830,,S33a,"Edge Of Insane",
NOT_FOUND,S33a4831,,S33a,"Electric Midnight Smile",
NOT_FOUND,S33a4833,,S33a,"Admitted And Wrote Down",
NOT_FOUND,S33a4834,,S33a,"After Parade",
NOT_FOUND,S33a4835,,S33a,"All Directory On",
NOT_FOUND,S33a4836,,S33a,"Analog Dial",
NOT_FOUND,S33a4837,,S33a,"Autopens",
NOT_FOUND,S33a4838,,S33a,"Bell Towers",
NOT_FOUND,S33a4839,,S33a,"Cassette Daydreams",
NOT_FOUND,S33a484,,S33a,"Chilling",
NOT_FOUND,S33a4840,,S33a,"Cold For Warm",
NOT_FOUND,S33a4841,,S33a,"Defiant Steps",
NOT_FOUND,S33a4843,,S33a,"Footsteps Against The Tide",
NOT_FOUND,S33a4844,,S33a,"Glass Skyline",
NOT_FOUND,S33a4845,,S33a,"Hanging Back",
NOT_FOUND,S33a4846,,S33a,"Hollow Night",
NOT_FOUND,S33a4847,,S33a,"I Am Telling You About Acts",
NOT_FOUND,S33a4848,,S33a,"Iron Gate Dilemma",
NOT_FOUND,S33a4849,,S33a,"Keep Running Data",
NOT_FOUND,S33a485,,S33a,"Chronicals",
NOT_FOUND,S33a4850,,S33a,"Last Benediction",
NOT_FOUND,S33a4851,,S33a,"Last Feast",
NOT_FOUND,S33a4853,,S33a,"Mega Prime",
NOT_FOUND,S33a4854,,S33a,"Nocturnal Static",
NOT_FOUND,S33a4855,,S33a,"Neutral Nights",
NOT_FOUND,S33a4856,,S33a,"New Stairs To Crime",
NOT_FOUND,S33a4857,,S33a,"Papers Left In The Dark",
NOT_FOUND,S33a4858,,S33a,"Parallel Space",
NOT_FOUND,S33a4859,,S33a,"Pressure Switch",
NOT_FOUND,S33a486,,S33a,"City Walk",
NOT_FOUND,S33a4860,,S33a,"Random Runs",
NOT_FOUND,S33a4861,,S33a,"Right To Know Why",
NOT_FOUND,S33a4863,,S33a,"About It Tonight",
NOT_FOUND,S33a4864,,S33a,"Circle Up At Sundown",
NOT_FOUND,S33a4865,,S33a,"Cool Out There",
NOT_FOUND,S33a4866,,S33a,"Do Not Get Mad",
NOT_FOUND,S33a4867,,S33a,"Familiar Dance Ghosts",
NOT_FOUND,S33a4868,,S33a,"Few Seconds Rush",
NOT_FOUND,S33a4869,,S33a,"Give Me One",
NOT_FOUND,S33a487,,S33a,"Decisions In Making",
NOT_FOUND,S33a4870,,S33a,"Help Your Mind",
NOT_FOUND,S33a4871,,S33a,"Humor In It",
NOT_FOUND,S33a4873,,S33a,"In The Same Hour",
NOT_FOUND,S33a4874,,S33a,"Is What I Want",
NOT_FOUND,S33a4875,,S33a,"It Is Appropriate",
NOT_FOUND,S33a4876,,S33a,"Let It Go Now",
NOT_FOUND,S33a4877,,S33a,"Let's Do That Dance",
NOT_FOUND,S33a4878,,S33a,"Maybe She Knows",
NOT_FOUND,S33a4879,,S33a,"Midnight Last Part",
NOT_FOUND,S33a488,,S33a,"Double Step",
NOT_FOUND,S33a586,,S33a,"I Will",
NOT_FOUND,S33a721,,S33a,"Secret Service Detail",