SKUROOT,LOT
R13a15024,INTAKE LOT_250805_SOHO4_01_EX
R25a4294,INTAKE LOT_250805_SOHO4_01_EX
R73a8424,INTAKE LOT_250805_SOHO4_01_EX
S20d0744,INTAKE LOT_250805_SOHO4_01_EX
S33a42574,INTAKE LOT_250805_SOHO4_01_EX
S73r1054,INTAKE LOT_250805_SOHO4_01_EX
S90a1434,INTAKE LOT_250805_SOHO4_01_EX
T31a0114,INTAKE LOT_250805_SOHO4_01_EX
T46a0064,INTAKE LOT_250805_SOHO4_01_EX
R13a15034,INTAKE LOT_250805_SOHO4_01_EX
R73a8434,INTAKE LOT_250805_SOHO4_01_EX
S33a42584,INTAKE LOT_250805_SOHO4_01_EX
S73r1064,INTAKE LOT_250805_SOHO4_01_EX
S90a1444,INTAKE LOT_250805_SOHO4_01_EX
T31a0124,INTAKE LOT_250805_SOHO4_01_EX
T46a0074,INTAKE LOT_250805_SOHO4_01_EX
R13a15044,INTAKE LOT_250805_SOHO4_01_EX
R73a8444,INTAKE LOT_250805_SOHO4_01_EX
S33a42594,INTAKE LOT_250805_SOHO4_01_EX
S73r1074,INTAKE LOT_250805_SOHO4_01_EX
T46a0084,INTAKE LOT_250805_SOHO4_01_EX
R73a8464,INTAKE LOT_250805_SOHO4_01_EX
S33a42604,INTAKE LOT_250805_SOHO4_01_EX
R73a8474,INTAKE LOT_250805_SOHO4_01_EX
S33a42614,INTAKE LOT_250805_SOHO4_01_EX
R73a8484,INTAKE LOT_250805_SOHO4_01_EX
S33a42624,INTAKE LOT_250805_SOHO4_01_EX
R73a8494,INTAKE LOT_250805_SOHO4_01_EX
S33a42634,INTAKE LOT_250805_SOHO4_01_EX
R73a8504,INTAKE LOT_250805_SOHO4_01_EX
C32b4844,INTAKE LOT_250805_SOHO4_02_EX
R13a15054,INTAKE LOT_250805_SOHO4_02_EX
R25a4304,INTAKE LOT_250805_SOHO4_02_EX
R73a8514,INTAKE LOT_250805_SOHO4_02_EX
R82a8654,INTAKE LOT_250805_SOHO4_02_EX
S20d0754,INTAKE LOT_250805_SOHO4_02_EX
S33a42644,INTAKE LOT_250805_SOHO4_02_EX
S73r1094,INTAKE LOT_250805_SOHO4_02_EX
S86b0184,INTAKE LOT_250805_SOHO4_02_EX
S90a1454,INTAKE LOT_250805_SOHO4_02_EX
T31a0134,INTAKE LOT_250805_SOHO4_02_EX
C32b4854,INTAKE LOT_250805_SOHO4_02_EX
R13a15064,INTAKE LOT_250805_SOHO4_02_EX
R73a8524,INTAKE LOT_250805_SOHO4_02_EX
S20d0764,INTAKE LOT_250805_SOHO4_02_EX
S33a42654,INTAKE LOT_250805_SOHO4_02_EX
C32b4864,INTAKE LOT_250805_SOHO4_02_EX
R73a8534,INTAKE LOT_250805_SOHO4_02_EX
S33a42664,INTAKE LOT_250805_SOHO4_02_EX
C32b4874,INTAKE LOT_250805_SOHO4_02_EX
R73a8544,INTAKE LOT_250805_SOHO4_02_EX
S33a42674,INTAKE LOT_250805_SOHO4_02_EX
C32b4884,INTAKE LOT_250805_SOHO4_02_EX
R73a8554,INTAKE LOT_250805_SOHO4_02_EX
S33a42694,INTAKE LOT_250805_SOHO4_02_EX
C32b4894,INTAKE LOT_250805_SOHO4_02_EX
R73a8564,INTAKE LOT_250805_SOHO4_02_EX
R73a8574,INTAKE LOT_250805_SOHO4_02_EX
S33a42704,INTAKE LOT_250805_SOHO4_02_EX
S33a42714,INTAKE LOT_250805_SOHO4_02_EX
R13a15074,INTAKE LOT_250819_SOHO4_04_TENSION (EX)
R25a4314,INTAKE LOT_250819_SOHO4_04_TENSION (EX)
R73a8584,INTAKE LOT_250819_SOHO4_04_TENSION (EX)
S13a0274,INTAKE LOT_250819_SOHO4_04_TENSION (EX)
S20d0774,INTAKE LOT_250819_SOHO4_04_TENSION (EX)
S33a42724,INTAKE LOT_250819_SOHO4_04_TENSION (EX)
T31a0144,INTAKE LOT_250819_SOHO4_04_TENSION (EX)
T37a0054,INTAKE LOT_250819_SOHO4_04_TENSION (EX)
T43e0014,INTAKE LOT_250819_SOHO4_04_TENSION (EX)
R13a15084,INTAKE LOT_250819_SOHO4_04_TENSION (EX)
R25a4324,INTAKE LOT_250819_SOHO4_04_TENSION (EX)
R73a8594,INTAKE LOT_250819_SOHO4_04_TENSION (EX)
S13a0284,INTAKE LOT_250819_SOHO4_04_TENSION (EX)
S20d0784,INTAKE LOT_250819_SOHO4_04_TENSION (EX)
S33a42734,INTAKE LOT_250819_SOHO4_04_TENSION (EX)
R13a15094,INTAKE LOT_250819_SOHO4_04_TENSION (EX)
R73a8604,INTAKE LOT_250819_SOHO4_04_TENSION (EX)
S13a0294,INTAKE LOT_250819_SOHO4_04_TENSION (EX)
S33a42744,INTAKE LOT_250819_SOHO4_04_TENSION (EX)
R13a15104,INTAKE LOT_250819_SOHO4_04_TENSION (EX)
R73a8614,INTAKE LOT_250819_SOHO4_04_TENSION (EX)
S13a0304,INTAKE LOT_250819_SOHO4_04_TENSION (EX)
S33a42754,INTAKE LOT_250819_SOHO4_04_TENSION (EX)
R13a15114,INTAKE LOT_250819_SOHO4_04_TENSION (EX)
S33a42764,INTAKE LOT_250819_SOHO4_04_TENSION (EX)
S33a42774,INTAKE LOT_250819_SOHO4_04_TENSION (EX)
S33a42784,INTAKE LOT_250819_SOHO4_04_TENSION (EX)
S33a42794,INTAKE LOT_250819_SOHO4_04_TENSION (EX)
S33a42804,INTAKE LOT_250819_SOHO4_04_TENSION (EX)
S33a42814,INTAKE LOT_250819_SOHO4_04_TENSION (EX)
R48a3724,250819_INTAKE LOT_SOHO4_05 EDM (EX)
R73a8624,250819_INTAKE LOT_SOHO4_05 EDM (EX)
C32b4904,250819_INTAKE LOT_SOHO4_05 EDM (EX)
R48a3734,250819_INTAKE LOT_SOHO4_05 EDM (EX)
R73a8634,250819_INTAKE LOT_SOHO4_05 EDM (EX)
S20d0794,250819_INTAKE LOT_SOHO4_05 EDM (EX)
S33a42824,250819_INTAKE LOT_SOHO4_05 EDM (EX)
S90a1464,250819_INTAKE LOT_SOHO4_05 EDM (EX)
T27a0224,250819_INTAKE LOT_SOHO4_05 EDM (EX)
R73a8644,250819_INTAKE LOT_SOHO4_05 EDM (EX)
S20d0804,250819_INTAKE LOT_SOHO4_05 EDM (EX)
S33a42834,250819_INTAKE LOT_SOHO4_05 EDM (EX)
R73a8654,250819_INTAKE LOT_SOHO4_05 EDM (EX)
S33a42844,250819_INTAKE LOT_SOHO4_05 EDM (EX)
R73a8664,250819_INTAKE LOT_SOHO4_05 EDM (EX)
S33a42854,250819_INTAKE LOT_SOHO4_05 EDM (EX)
R73a8674,250819_INTAKE LOT_SOHO4_05 EDM (EX)
S33a42864,250819_INTAKE LOT_SOHO4_05 EDM (EX)
S33a42874,250819_INTAKE LOT_SOHO4_05 EDM (EX)
S33a42884,250819_INTAKE LOT_SOHO4_05 EDM (EX)
S33a42894,250819_INTAKE LOT_SOHO4_05 EDM (EX)
S33a42904,250819_INTAKE LOT_SOHO4_05 EDM (EX)
S33a42914,250819_INTAKE LOT_SOHO4_05 EDM (EX)
S33a42924,250819_INTAKE LOT_SOHO4_05 EDM (EX)
S33a42934,250819_INTAKE LOT_SOHO4_05 EDM (EX)
S33a42944,250819_INTAKE LOT_SOHO4_05 EDM (EX)
S33a42954,250819_INTAKE LOT_SOHO4_05 EDM (EX)
S33a42964,250819_INTAKE LOT_SOHO4_05 EDM (EX)
S33a42974,250819_INTAKE LOT_SOHO4_05 EDM (EX)
S33a42984,250819_INTAKE LOT_SOHO4_05 EDM (EX)
R13a15124,250827_INTAKE LOT_SOHO4_06 TENSION (EX)
S20d0814,250827_INTAKE LOT_SOHO4_06 TENSION (EX)
S33a42994,250827_INTAKE LOT_SOHO4_06 TENSION (EX)
T31a0154,250827_INTAKE LOT_SOHO4_06 TENSION (EX)
T37a0064,250827_INTAKE LOT_SOHO4_06 TENSION (EX)
T43e0024,250827_INTAKE LOT_SOHO4_06 TENSION (EX)
T50a0174,250827_INTAKE LOT_SOHO4_06 TENSION (EX)
R13a15134,250827_INTAKE LOT_SOHO4_06 TENSION (EX)
S33a43004,250827_INTAKE LOT_SOHO4_06 TENSION (EX)
T31a0164,250827_INTAKE LOT_SOHO4_06 TENSION (EX)
R13a15144,250827_INTAKE LOT_SOHO4_06 TENSION (EX)
S33a43014,250827_INTAKE LOT_SOHO4_06 TENSION (EX)
T37a0074,250827_INTAKE LOT_SOHO4_06 TENSION (EX)
T43e0034,250827_INTAKE LOT_SOHO4_06 TENSION (EX)
R13a15154,250827_INTAKE LOT_SOHO4_06 TENSION (EX)
S33a43024,250827_INTAKE LOT_SOHO4_06 TENSION (EX)
T37a0084,250827_INTAKE LOT_SOHO4_06 TENSION (EX)
T43e0044,250827_INTAKE LOT_SOHO4_06 TENSION (EX)
R13a15164,250827_INTAKE LOT_SOHO4_06 TENSION (EX)
S33a43034,250827_INTAKE LOT_SOHO4_06 TENSION (EX)
T37a0094,250827_INTAKE LOT_SOHO4_06 TENSION (EX)
T43e0054,250827_INTAKE LOT_SOHO4_06 TENSION (EX)
S33a43044,250827_INTAKE LOT_SOHO4_06 TENSION (EX)
T37a0104,250827_INTAKE LOT_SOHO4_06 TENSION (EX)
S33a43054,250827_INTAKE LOT_SOHO4_06 TENSION (EX)
T37a0114,250827_INTAKE LOT_SOHO4_06 TENSION (EX)
S33a43064,250827_INTAKE LOT_SOHO4_06 TENSION (EX)
S33a43074,250827_INTAKE LOT_SOHO4_06 TENSION (EX)
S33a43084,250827_INTAKE LOT_SOHO4_06 TENSION (EX)
S33a43094,250827_INTAKE LOT_SOHO4_06 TENSION (EX)
R13a15174,INTAKE LOT_250904_SOHO4 Lifestyle
R25a4334,INTAKE LOT_250904_SOHO4 Lifestyle
R82a8664,INTAKE LOT_250904_SOHO4 Lifestyle
R94a1914,INTAKE LOT_250904_SOHO4 Lifestyle
S13a0314,INTAKE LOT_250904_SOHO4 Lifestyle
S22a0264,INTAKE LOT_250904_SOHO4 Lifestyle
S33a43104,INTAKE LOT_250904_SOHO4 Lifestyle
R13a15184,INTAKE LOT_250904_SOHO4 Lifestyle
R25a4344,INTAKE LOT_250904_SOHO4 Lifestyle
S13a0324,INTAKE LOT_250904_SOHO4 Lifestyle
S33a43114,INTAKE LOT_250904_SOHO4 Lifestyle
R13a15194,INTAKE LOT_250904_SOHO4 Lifestyle
S13a0334,INTAKE LOT_250904_SOHO4 Lifestyle
S33a43124,INTAKE LOT_250904_SOHO4 Lifestyle
R13a15204,INTAKE LOT_250904_SOHO4 Lifestyle
S13a0344,INTAKE LOT_250904_SOHO4 Lifestyle
S33a43134,INTAKE LOT_250904_SOHO4 Lifestyle
S33a43144,INTAKE LOT_250904_SOHO4 Lifestyle
S33a43154,INTAKE LOT_250904_SOHO4 Lifestyle
S33a43164,INTAKE LOT_250904_SOHO4 Lifestyle
S33a43174,INTAKE LOT_250904_SOHO4 Lifestyle
S33a43184,INTAKE LOT_250904_SOHO4 Lifestyle
S33a43194,INTAKE LOT_250904_SOHO4 Lifestyle
S33a43204,INTAKE LOT_250904_SOHO4 Lifestyle
S33a43214,INTAKE LOT_250904_SOHO4 Lifestyle
S33a43224,INTAKE LOT_250904_SOHO4 Lifestyle
S33a43234,INTAKE LOT_250904_SOHO4 Lifestyle
S33a43244,INTAKE LOT_250904_SOHO4 Lifestyle
S33a43254,INTAKE LOT_250904_SOHO4 Lifestyle
S33a43264,INTAKE LOT_250904_SOHO4 Lifestyle
C32b4924,INTAKE LOT_250911_SOHO4_08 EDM (EX)
R03b2154,INTAKE LOT_250911_SOHO4_08 EDM (EX)
R48a3744,INTAKE LOT_250911_SOHO4_08 EDM (EX)
R73a8684,INTAKE LOT_250911_SOHO4_08 EDM (EX)
R91a1444,INTAKE LOT_250911_SOHO4_08 EDM (EX)
S33a43354,INTAKE LOT_250911_SOHO4_08 EDM (EX)
S73r1104,INTAKE LOT_250911_SOHO4_08 EDM (EX)
S86b0204,INTAKE LOT_250911_SOHO4_08 EDM (EX)
S90a1524,INTAKE LOT_250911_SOHO4_08 EDM (EX)
T27a0234,INTAKE LOT_250911_SOHO4_08 EDM (EX)
C32b4934,INTAKE LOT_250911_SOHO4_08 EDM (EX)
R03b2164,INTAKE LOT_250911_SOHO4_08 EDM (EX)
R48a3754,INTAKE LOT_250911_SOHO4_08 EDM (EX)
R73a8694,INTAKE LOT_250911_SOHO4_08 EDM (EX)
S33a43364,INTAKE LOT_250911_SOHO4_08 EDM (EX)
C32b4944,INTAKE LOT_250911_SOHO4_08 EDM (EX)
R03b2174,INTAKE LOT_250911_SOHO4_08 EDM (EX)
R48a3764,INTAKE LOT_250911_SOHO4_08 EDM (EX)
R73a8704,INTAKE LOT_250911_SOHO4_08 EDM (EX)
S33a43374,INTAKE LOT_250911_SOHO4_08 EDM (EX)
C32b4954,INTAKE LOT_250911_SOHO4_08 EDM (EX)
R03b2184,INTAKE LOT_250911_SOHO4_08 EDM (EX)
S33a43384,INTAKE LOT_250911_SOHO4_08 EDM (EX)
C32b4964,INTAKE LOT_250911_SOHO4_08 EDM (EX)
R03b2194,INTAKE LOT_250911_SOHO4_08 EDM (EX)
C32b4974,INTAKE LOT_250911_SOHO4_08 EDM (EX)
C32b4984,INTAKE LOT_250911_SOHO4_08 EDM (EX)
R03b2204,INTAKE LOT_250911_SOHO4_08 EDM (EX)
S33a43394,INTAKE LOT_250911_SOHO4_08 EDM (EX)
S33a43404,INTAKE LOT_250911_SOHO4_08 EDM (EX)
C32b5034,INTAKE LOT_250926_SOHO4_10 EDM(EX)
S33a44024,INTAKE LOT_250926_SOHO4_10 EDM(EX)
S33a44034,INTAKE LOT_250926_SOHO4_10 EDM(EX)
C32b5044,INTAKE LOT_250926_SOHO4_10 EDM(EX)
S33a44044,INTAKE LOT_250926_SOHO4_10 EDM(EX)
S33a44054,INTAKE LOT_250926_SOHO4_10 EDM(EX)
S33a44064,INTAKE LOT_250926_SOHO4_10 EDM(EX)
S33a44074,INTAKE LOT_250926_SOHO4_10 EDM(EX)
S33a44084,INTAKE LOT_250926_SOHO4_10 EDM(EX)
S33a44094,INTAKE LOT_250926_SOHO4_10 EDM(EX)
S33a44104,INTAKE LOT_250926_SOHO4_10 EDM(EX)
S33a44114,INTAKE LOT_250926_SOHO4_10 EDM(EX)
S33a44124,INTAKE LOT_250926_SOHO4_10 EDM(EX)
S33a44134,INTAKE LOT_250926_SOHO4_10 EDM(EX)
S33a44144,INTAKE LOT_250926_SOHO4_10 EDM(EX)
S33a44154,INTAKE LOT_250926_SOHO4_10 EDM(EX)
S33a44164,INTAKE LOT_250926_SOHO4_10 EDM(EX)
S33a44174,INTAKE LOT_250926_SOHO4_10 EDM(EX)
S33a44184,INTAKE LOT_250926_SOHO4_10 EDM(EX)
S33a44194,INTAKE LOT_250926_SOHO4_10 EDM(EX)
S33a44204,INTAKE LOT_250926_SOHO4_10 EDM(EX)
S33a44214,INTAKE LOT_250926_SOHO4_10 EDM(EX)
S33a44224,INTAKE LOT_250926_SOHO4_10 EDM(EX)
S33a44234,INTAKE LOT_250926_SOHO4_10 EDM(EX)
S33a44244,INTAKE LOT_250926_SOHO4_10 EDM(EX)
S33a44254,INTAKE LOT_250926_SOHO4_10 EDM(EX)
S33a44264,INTAKE LOT_250926_SOHO4_10 EDM(EX)
S33a44274,INTAKE LOT_250926_SOHO4_10 EDM(EX)
S33a44284,INTAKE LOT_250926_SOHO4_10 EDM(EX)
S33a44294,INTAKE LOT_250926_SOHO4_10 EDM(EX)
R13a15244,INTAKE LOT_251002_SOHO4_MIXED(EX)
R25b0324,INTAKE LOT_251002_SOHO4_MIXED(EX)
R48a3804,INTAKE LOT_251002_SOHO4_MIXED(EX)
R73a8784,INTAKE LOT_251002_SOHO4_MIXED(EX)
S20d0834,INTAKE LOT_251002_SOHO4_MIXED(EX)
S33a44304,INTAKE LOT_251002_SOHO4_MIXED(EX)
T27a0244,INTAKE LOT_251002_SOHO4_MIXED(EX)
T40h0884,INTAKE LOT_251002_SOHO4_MIXED(EX)
T50a0244,INTAKE LOT_251002_SOHO4_MIXED(EX)
T73k0044,INTAKE LOT_251002_SOHO4_MIXED(EX)
R13a15254,INTAKE LOT_251002_SOHO4_MIXED(EX)
R48a3814,INTAKE LOT_251002_SOHO4_MIXED(EX)
R73a8794,INTAKE LOT_251002_SOHO4_MIXED(EX)
S20d0844,INTAKE LOT_251002_SOHO4_MIXED(EX)
S33a44314,INTAKE LOT_251002_SOHO4_MIXED(EX)
T50a0254,INTAKE LOT_251002_SOHO4_MIXED(EX)
T73k0054,INTAKE LOT_251002_SOHO4_MIXED(EX)
R13a15264,INTAKE LOT_251002_SOHO4_MIXED(EX)
R48a3824,INTAKE LOT_251002_SOHO4_MIXED(EX)
R73a8804,INTAKE LOT_251002_SOHO4_MIXED(EX)
S33a44324,INTAKE LOT_251002_SOHO4_MIXED(EX)
T50a0264,INTAKE LOT_251002_SOHO4_MIXED(EX)
R13a15274,INTAKE LOT_251002_SOHO4_MIXED(EX)
R48a3834,INTAKE LOT_251002_SOHO4_MIXED(EX)
S33a44334,INTAKE LOT_251002_SOHO4_MIXED(EX)
R13a15284,INTAKE LOT_251002_SOHO4_MIXED(EX)
R48a3844,INTAKE LOT_251002_SOHO4_MIXED(EX)
R13a15294,INTAKE LOT_251002_SOHO4_MIXED(EX)
R48a3854,INTAKE LOT_251002_SOHO4_MIXED(EX)
R13a15304,INTAKE LOT_251002_SOHO4_MIXED(EX)
R13a15314,INTAKE LOT_251028_SOHO4_12 EDM (EX)
R48a3894,INTAKE LOT_251028_SOHO4_12 EDM (EX)
S33a44554,INTAKE LOT_251028_SOHO4_12 EDM (EX)
S80a2374,INTAKE LOT_251028_SOHO4_12 EDM (EX)
R48a3904,INTAKE LOT_251028_SOHO4_12 EDM (EX)
S33a44564,INTAKE LOT_251028_SOHO4_12 EDM (EX)
S80a2384,INTAKE LOT_251028_SOHO4_12 EDM (EX)
R48a3914,INTAKE LOT_251028_SOHO4_12 EDM (EX)
S33a44574,INTAKE LOT_251028_SOHO4_12 EDM (EX)
S80a2394,INTAKE LOT_251028_SOHO4_12 EDM (EX)
R48a3924,INTAKE LOT_251028_SOHO4_12 EDM (EX)
S33a44584,INTAKE LOT_251028_SOHO4_12 EDM (EX)
S80a2404,INTAKE LOT_251028_SOHO4_12 EDM (EX)
S80a2414,INTAKE LOT_251028_SOHO4_12 EDM (EX)
S33a44594,INTAKE LOT_251028_SOHO4_12 EDM (EX)
S33a44604,INTAKE LOT_251028_SOHO4_12 EDM (EX)
S33a44614,INTAKE LOT_251028_SOHO4_12 EDM (EX)
S33a44624,INTAKE LOT_251028_SOHO4_12 EDM (EX)
S33a44634,INTAKE LOT_251028_SOHO4_12 EDM (EX)
S33a44644,INTAKE LOT_251028_SOHO4_12 EDM (EX)
S33a44654,INTAKE LOT_251028_SOHO4_12 EDM (EX)
S33a44664,INTAKE LOT_251028_SOHO4_12 EDM (EX)
S33a44674,INTAKE LOT_251028_SOHO4_12 EDM (EX)
S33a44684,INTAKE LOT_251028_SOHO4_12 EDM (EX)
S33a44694,INTAKE LOT_251028_SOHO4_12 EDM (EX)
S33a44704,INTAKE LOT_251028_SOHO4_12 EDM (EX)
S33a44714,INTAKE LOT_251028_SOHO4_12 EDM (EX)
S33a44724,INTAKE LOT_251028_SOHO4_12 EDM (EX)
S33a44734,INTAKE LOT_251028_SOHO4_12 EDM (EX)
S33a44744,INTAKE LOT_251028_SOHO4_12 EDM (EX)
C52a1804,INTAKE LOT_251106_SOHO4_13 Mixed (EX)
R11a6964,INTAKE LOT_251106_SOHO4_13 Mixed (EX)
R25a4354,INTAKE LOT_251106_SOHO4_13 Mixed (EX)
R48a3934,INTAKE LOT_251106_SOHO4_13 Mixed (EX)
S73r1124,INTAKE LOT_251106_SOHO4_13 Mixed (EX)
S80a2424,INTAKE LOT_251106_SOHO4_13 Mixed (EX)
C52a1814,INTAKE LOT_251106_SOHO4_13 Mixed (EX)
R11a6974,INTAKE LOT_251106_SOHO4_13 Mixed (EX)
R48a3944,INTAKE LOT_251106_SOHO4_13 Mixed (EX)
S73r1134,INTAKE LOT_251106_SOHO4_13 Mixed (EX)
S80a2434,INTAKE LOT_251106_SOHO4_13 Mixed (EX)
R11a6984,INTAKE LOT_251106_SOHO4_13 Mixed (EX)
R48a3954,INTAKE LOT_251106_SOHO4_13 Mixed (EX)
S73r1144,INTAKE LOT_251106_SOHO4_13 Mixed (EX)
S80a2444,INTAKE LOT_251106_SOHO4_13 Mixed (EX)
R48a3964,INTAKE LOT_251106_SOHO4_13 Mixed (EX)
S80a2454,INTAKE LOT_251106_SOHO4_13 Mixed (EX)
R48a3974,INTAKE LOT_251106_SOHO4_13 Mixed (EX)
S80a2464,INTAKE LOT_251106_SOHO4_13 Mixed (EX)
R48a3984,INTAKE LOT_251106_SOHO4_13 Mixed (EX)
S80a2474,INTAKE LOT_251106_SOHO4_13 Mixed (EX)
R48a3994,INTAKE LOT_251106_SOHO4_13 Mixed (EX)
S80a2484,INTAKE LOT_251106_SOHO4_13 Mixed (EX)
S80a2494,INTAKE LOT_251106_SOHO4_13 Mixed (EX)
S80a2504,INTAKE LOT_251106_SOHO4_13 Mixed (EX)
S80a2514,INTAKE LOT_251106_SOHO4_13 Mixed (EX)
S80a2524,INTAKE LOT_251106_SOHO4_13 Mixed (EX)
S80a2534,INTAKE LOT_251106_SOHO4_13 Mixed (EX)
S80a2544,INTAKE LOT_251106_SOHO4_13 Mixed (EX)
S80a2554,INTAKE LOT_251106_SOHO4_13 Mixed (EX)
C52a1824,INTAKE LOT_251113_SOHO4_14_MIXED(EX)
R11a6994,INTAKE LOT_251113_SOHO4_14_MIXED(EX)
R25a4364,INTAKE LOT_251113_SOHO4_14_MIXED(EX)
R48a4004,INTAKE LOT_251113_SOHO4_14_MIXED(EX)
S33a44894,INTAKE LOT_251113_SOHO4_14_MIXED(EX)
S73r1154,INTAKE LOT_251113_SOHO4_14_MIXED(EX)
S80a2564,INTAKE LOT_251113_SOHO4_14_MIXED(EX)
S86b0214,INTAKE LOT_251113_SOHO4_14_MIXED(EX)
T40h0894,INTAKE LOT_251113_SOHO4_14_MIXED(EX)
R48a4014,INTAKE LOT_251113_SOHO4_14_MIXED(EX)
S33a44904,INTAKE LOT_251113_SOHO4_14_MIXED(EX)
S73r1164,INTAKE LOT_251113_SOHO4_14_MIXED(EX)
S80a2574,INTAKE LOT_251113_SOHO4_14_MIXED(EX)
R48a4024,INTAKE LOT_251113_SOHO4_14_MIXED(EX)
S33a44914,INTAKE LOT_251113_SOHO4_14_MIXED(EX)
S80a2584,INTAKE LOT_251113_SOHO4_14_MIXED(EX)
R48a4034,INTAKE LOT_251113_SOHO4_14_MIXED(EX)
S33a44924,INTAKE LOT_251113_SOHO4_14_MIXED(EX)
R48a4044,INTAKE LOT_251113_SOHO4_14_MIXED(EX)
S33a44934,INTAKE LOT_251113_SOHO4_14_MIXED(EX)
R48a4054,INTAKE LOT_251113_SOHO4_14_MIXED(EX)
S33a44944,INTAKE LOT_251113_SOHO4_14_MIXED(EX)
R48a4064,INTAKE LOT_251113_SOHO4_14_MIXED(EX)
R48a4074,INTAKE LOT_251113_SOHO4_14_MIXED(EX)
R48a4084,INTAKE LOT_251113_SOHO4_14_MIXED(EX)
R48a4094,INTAKE LOT_251113_SOHO4_14_MIXED(EX)
R48a4104,INTAKE LOT_251113_SOHO4_14_MIXED(EX)
R48a4114,INTAKE LOT_251113_SOHO4_14_MIXED(EX)
R48a4124,INTAKE LOT_251113_SOHO4_14_MIXED(EX)
R48a4134,INTAKE LOT_251113_SOHO4_14_MIXED(EX)
S20d0874,INTAKE LOT_251119_SOHO4_15_MIXED(EX)
S33a45254,INTAKE LOT_251119_SOHO4_15_MIXED(EX)
T08a0374,INTAKE LOT_251119_SOHO4_15_MIXED(EX)
S33a45264,INTAKE LOT_251119_SOHO4_15_MIXED(EX)
S33a45274,INTAKE LOT_251119_SOHO4_15_MIXED(EX)
S33a45284,INTAKE LOT_251119_SOHO4_15_MIXED(EX)
S33a45294,INTAKE LOT_251119_SOHO4_15_MIXED(EX)
S33a45304,INTAKE LOT_251119_SOHO4_15_MIXED(EX)
S33a45314,INTAKE LOT_251119_SOHO4_15_MIXED(EX)
T50a0284,INTAKE LOT_251119_SOHO4_15_MIXED(EX)
S33a45324,INTAKE LOT_251119_SOHO4_15_MIXED(EX)
S33a45334,INTAKE LOT_251119_SOHO4_15_MIXED(EX)
R15a0354,INTAKE LOT_251119_SOHO4_15_MIXED(EX)
T08a0384,INTAKE LOT_251119_SOHO4_15_MIXED(EX)
S33a45344,INTAKE LOT_251119_SOHO4_15_MIXED(EX)
S33a45354,INTAKE LOT_251119_SOHO4_15_MIXED(EX)
S33a45364,INTAKE LOT_251119_SOHO4_15_MIXED(EX)
R11a7004,INTAKE LOT_251119_SOHO4_15_MIXED(EX)
R48a4144,INTAKE LOT_251119_SOHO4_15_MIXED(EX)
S33a45374,INTAKE LOT_251119_SOHO4_15_MIXED(EX)
S13b0044,INTAKE LOT_251119_SOHO4_15_MIXED(EX)
S33a45384,INTAKE LOT_251119_SOHO4_15_MIXED(EX)
S33a45394,INTAKE LOT_251119_SOHO4_15_MIXED(EX)
S33a45404,INTAKE LOT_251119_SOHO4_15_MIXED(EX)
S33a45414,INTAKE LOT_251119_SOHO4_15_MIXED(EX)
T08a0394,INTAKE LOT_251119_SOHO4_15_MIXED(EX)
T08a0404,INTAKE LOT_251119_SOHO4_15_MIXED(EX)
C52a1834,INTAKE LOT_251119_SOHO4_15_MIXED(EX)
S13b0054,INTAKE LOT_251119_SOHO4_15_MIXED(EX)
S20d0884,INTAKE LOT_251119_SOHO4_15_MIXED(EX)
S33a45994,INTAKE LOT_251120_SOHO4
C32b5054,INTAKE LOT_251120_SOHO4_16
R11a7014,INTAKE LOT_251120_SOHO4_16
R13a15324,INTAKE LOT_251120_SOHO4_16
S13b0064,INTAKE LOT_251120_SOHO4_16
S33a46044,INTAKE LOT_251120_SOHO4_16
S75a3584,INTAKE LOT_251120_SOHO4_16
S86b0224,INTAKE LOT_251120_SOHO4_16
T40l0474,INTAKE LOT_251120_SOHO4_16
C32b5064,INTAKE LOT_251120_SOHO4_16
R11a7024,INTAKE LOT_251120_SOHO4_16
R13a15334,INTAKE LOT_251120_SOHO4_16
S13b0074,INTAKE LOT_251120_SOHO4_16
S33a46054,INTAKE LOT_251120_SOHO4_16
S75a3594,INTAKE LOT_251120_SOHO4_16
C32b5074,INTAKE LOT_251120_SOHO4_16
C32b5084,INTAKE LOT_251120_SOHO4_16
R13a15344,INTAKE LOT_251120_SOHO4_16
R13a15354,INTAKE LOT_251120_SOHO4_16
S13b0084,INTAKE LOT_251120_SOHO4_16
S33a46064,INTAKE LOT_251120_SOHO4_16
R13a15364,INTAKE LOT_251120_SOHO4_16
S13b0094,INTAKE LOT_251120_SOHO4_16
S33a46074,INTAKE LOT_251120_SOHO4_16
R13a15374,INTAKE LOT_251120_SOHO4_16
S33a46084,INTAKE LOT_251120_SOHO4_16
R13a15384,INTAKE LOT_251120_SOHO4_16
S33a46094,INTAKE LOT_251120_SOHO4_16
R13a15394,INTAKE LOT_251120_SOHO4_16
R13a15404,INTAKE LOT_251120_SOHO4_16
S86b0234,INTAKE LOT_251209_SOHO4_17
R13a15414,INTAKE LOT_251209_SOHO4_17
R48a4174,INTAKE LOT_251209_SOHO4_17
R89c0014,INTAKE LOT_251209_SOHO4_17
S13b0104,INTAKE LOT_251209_SOHO4_17
S20d0894,INTAKE LOT_251209_SOHO4_17
S33a46284,INTAKE LOT_251209_SOHO4_17
T51a0694,INTAKE LOT_251209_SOHO4_17
R13a15424,INTAKE LOT_251209_SOHO4_17
R48a4184,INTAKE LOT_251209_SOHO4_17
S13b0114,INTAKE LOT_251209_SOHO4_17
S33a46294,INTAKE LOT_251209_SOHO4_17
R13a15434,INTAKE LOT_251209_SOHO4_17
R48a4194,INTAKE LOT_251209_SOHO4_17
S33a46304,INTAKE LOT_251209_SOHO4_17
R48a4204,INTAKE LOT_251209_SOHO4_17
S33a46314,INTAKE LOT_251209_SOHO4_17
R48a4214,INTAKE LOT_251209_SOHO4_17
S33a46324,INTAKE LOT_251209_SOHO4_17
R48a4224,INTAKE LOT_251209_SOHO4_17
S33a46334,INTAKE LOT_251209_SOHO4_17
R48a4234,INTAKE LOT_251209_SOHO4_17
S33a46344,INTAKE LOT_251209_SOHO4_17
R48a4244,INTAKE LOT_251209_SOHO4_17
S33a46354,INTAKE LOT_251209_SOHO4_17
R48a4254,INTAKE LOT_251209_SOHO4_17
S33a46364,INTAKE LOT_251209_SOHO4_17
R48a4264,INTAKE LOT_251209_SOHO4_17
S33a46374,INTAKE LOT_251209_SOHO4_17
S33a46384,INTAKE LOT_251209_SOHO4_17
S33a46714,INTAKE LOT_260218_SOHO4_25
S33a46724,INTAKE LOT_260218_SOHO4_25
S33a46734,INTAKE LOT_260218_SOHO4_25
S33a46744,INTAKE LOT_260218_SOHO4_25
S33a46754,INTAKE LOT_260218_SOHO4_25
S33a46764,INTAKE LOT_260218_SOHO4_25
S33a46774,INTAKE LOT_260218_SOHO4_25
S33a46784,INTAKE LOT_260218_SOHO4_25
S33a46794,INTAKE LOT_260218_SOHO4_25
S33a46804,INTAKE LOT_260218_SOHO4_25
C52a1844,INTAKE LOT_260107_SOHO4_18
R13a15444,INTAKE LOT_260107_SOHO4_18
R48a4274,INTAKE LOT_260107_SOHO4_18
R48a4284,INTAKE LOT_260107_SOHO4_18
R48a4294,INTAKE LOT_260107_SOHO4_18
R48a4304,INTAKE LOT_260107_SOHO4_18
R48a4314,INTAKE LOT_260107_SOHO4_18
R48a4324,INTAKE LOT_260107_SOHO4_18
R48a4334,INTAKE LOT_260107_SOHO4_18
R48a4344,INTAKE LOT_260107_SOHO4_18
R48a4354,INTAKE LOT_260107_SOHO4_18
R48a4364,INTAKE LOT_260107_SOHO4_18
R89c0024,INTAKE LOT_260107_SOHO4_18
R89c0034,INTAKE LOT_260107_SOHO4_18
S33a46814,INTAKE LOT_260107_SOHO4_18
S33a46824,INTAKE LOT_260107_SOHO4_18
S33a46834,INTAKE LOT_260107_SOHO4_18
S33a46844,INTAKE LOT_260107_SOHO4_18
S33a46854,INTAKE LOT_260107_SOHO4_18
S33a46864,INTAKE LOT_260107_SOHO4_18
S33a46874,INTAKE LOT_260107_SOHO4_18
S33a46884,INTAKE LOT_260107_SOHO4_18
S73r1184,INTAKE LOT_260107_SOHO4_18
S81j0014,INTAKE LOT_260107_SOHO4_18
S81j0024,INTAKE LOT_260107_SOHO4_18
S81j0034,INTAKE LOT_260107_SOHO4_18
S86b0244,INTAKE LOT_260107_SOHO4_18
T40l0484,INTAKE LOT_260107_SOHO4_18
T40l0494,INTAKE LOT_260107_SOHO4_18
R25a4374,INTAKE LOT_260107_SOHO4_18
R25a4384,INTAKE LOT_260114_SOHO4_19
R48a4374,INTAKE LOT_260114_SOHO4_19
R48a4384,INTAKE LOT_260114_SOHO4_19
R48a4394,INTAKE LOT_260114_SOHO4_19
R48a4404,INTAKE LOT_260114_SOHO4_19
R89c0044,INTAKE LOT_260114_SOHO4_19
S33a46894,INTAKE LOT_260114_SOHO4_19
S33a46904,INTAKE LOT_260114_SOHO4_19
S33a46914,INTAKE LOT_260114_SOHO4_19
S33a46924,INTAKE LOT_260114_SOHO4_19
S33a46934,INTAKE LOT_260114_SOHO4_19
S33a46944,INTAKE LOT_260114_SOHO4_19
S33a46954,INTAKE LOT_260114_SOHO4_19
S33a46964,INTAKE LOT_260114_SOHO4_19
S33a46974,INTAKE LOT_260114_SOHO4_19
S33a46984,INTAKE LOT_260114_SOHO4_19
S33a46994,INTAKE LOT_260114_SOHO4_19
S33a47004,INTAKE LOT_260114_SOHO4_19
S33a47014,INTAKE LOT_260114_SOHO4_19
S33a47024,INTAKE LOT_260114_SOHO4_19
S33a47034,INTAKE LOT_260114_SOHO4_19
S33a47044,INTAKE LOT_260114_SOHO4_19
S33a47054,INTAKE LOT_260114_SOHO4_19
T40h1024,INTAKE LOT_260114_SOHO4_19
T40l0504,INTAKE LOT_260114_SOHO4_19
S33a47064,INTAKE LOT_260114_SOHO4_19
T50a0334,INTAKE LOT_260114_SOHO4_19
T51a0704,INTAKE LOT_260114_SOHO4_19
T51a0714,INTAKE LOT_260114_SOHO4_19
T51a0724,INTAKE LOT_260114_SOHO4_19
R48a4414,INTAKE LOT_260121_SOHO4_20
R48a4424,INTAKE LOT_260121_SOHO4_20
R48a4434,INTAKE LOT_260121_SOHO4_20
R48a4444,INTAKE LOT_260121_SOHO4_20
R48a4454,INTAKE LOT_260121_SOHO4_20
R48a4464,INTAKE LOT_260121_SOHO4_20
R48a4474,INTAKE LOT_260121_SOHO4_20
R13a15454,INTAKE LOT_260121_SOHO4_20
R48a4484,INTAKE LOT_260121_SOHO4_20
R91a1454,INTAKE LOT_260121_SOHO4_20
S12a0334,INTAKE LOT_260121_SOHO4_20
S33a47074,INTAKE LOT_260121_SOHO4_20
R13a15464,INTAKE LOT_260121_SOHO4_20
R48a4494,INTAKE LOT_260121_SOHO4_20
R91a1464,INTAKE LOT_260121_SOHO4_20
S12a0344,INTAKE LOT_260121_SOHO4_20
S33a47084,INTAKE LOT_260121_SOHO4_20
R13a15474,INTAKE LOT_260121_SOHO4_20
R48a4504,INTAKE LOT_260121_SOHO4_20
R91a1474,INTAKE LOT_260121_SOHO4_20
S33a47094,INTAKE LOT_260121_SOHO4_20
R13a15484,INTAKE LOT_260121_SOHO4_20
R91a1484,INTAKE LOT_260121_SOHO4_20
S33a47104,INTAKE LOT_260121_SOHO4_20
R13a15494,INTAKE LOT_260121_SOHO4_20
R48a4524,INTAKE LOT_260121_SOHO4_20
S33a47114,INTAKE LOT_260121_SOHO4_20
R13a15504,INTAKE LOT_260121_SOHO4_20
R48a4534,INTAKE LOT_260121_SOHO4_20
R48a4544,INTAKE LOT_260121_SOHO4_20
R48a4554,INTAKE LOT_260127_SOHO4_21
R48a4564,INTAKE LOT_260127_SOHO4_21
R48a4574,INTAKE LOT_260127_SOHO4_21
R48a4584,INTAKE LOT_260127_SOHO4_21
R48a4594,INTAKE LOT_260127_SOHO4_21
R48a4604,INTAKE LOT_260127_SOHO4_21
R67a2584,INTAKE LOT_260127_SOHO4_21
R67a2594,INTAKE LOT_260127_SOHO4_21
R67a2604,INTAKE LOT_260127_SOHO4_21
R67a2614,INTAKE LOT_260127_SOHO4_21
R67a2624,INTAKE LOT_260127_SOHO4_21
R91a1494,INTAKE LOT_260127_SOHO4_21
R91a1504,INTAKE LOT_260127_SOHO4_21
S12a0354,INTAKE LOT_260127_SOHO4_21
S12a0364,INTAKE LOT_260127_SOHO4_21
S12a0374,INTAKE LOT_260127_SOHO4_21
S12a0384,INTAKE LOT_260127_SOHO4_21
S12a0394,INTAKE LOT_260127_SOHO4_21
S12a0404,INTAKE LOT_260127_SOHO4_21
S12a0414,INTAKE LOT_260127_SOHO4_21
S12a0424,INTAKE LOT_260127_SOHO4_21
S12a0434,INTAKE LOT_260127_SOHO4_21
S12a0444,INTAKE LOT_260127_SOHO4_21
S13a0354,INTAKE LOT_260127_SOHO4_21
S13a0364,INTAKE LOT_260127_SOHO4_21
S13a0374,INTAKE LOT_260127_SOHO4_21
S13a0384,INTAKE LOT_260127_SOHO4_21
S13a0394,INTAKE LOT_260127_SOHO4_21
S13a0404,INTAKE LOT_260127_SOHO4_21
S13b0124,INTAKE LOT_260127_SOHO4_21
R13a15514,INTAKE LOT_260128_SOHO4_22
R13a15524,INTAKE LOT_260128_SOHO4_22
R13a15534,INTAKE LOT_260128_SOHO4_22
R13a15544,INTAKE LOT_260128_SOHO4_22
R13a15554,INTAKE LOT_260128_SOHO4_22
S13b0134,INTAKE LOT_260128_SOHO4_22
S13b0144,INTAKE LOT_260128_SOHO4_22
S13b0154,INTAKE LOT_260128_SOHO4_22
S13b0164,INTAKE LOT_260128_SOHO4_22
S13b0174,INTAKE LOT_260128_SOHO4_22
S13b0184,INTAKE LOT_260128_SOHO4_22
S13b0194,INTAKE LOT_260128_SOHO4_22
S13b0204,INTAKE LOT_260128_SOHO4_22
S33a47124,INTAKE LOT_260128_SOHO4_22
S33a47134,INTAKE LOT_260128_SOHO4_22
S33a47144,INTAKE LOT_260128_SOHO4_22
S33a47154,INTAKE LOT_260128_SOHO4_22
S33a47164,INTAKE LOT_260128_SOHO4_22
S33a47174,INTAKE LOT_260128_SOHO4_22
S33a47184,INTAKE LOT_260128_SOHO4_22
S33a47194,INTAKE LOT_260128_SOHO4_22
S33a47204,INTAKE LOT_260128_SOHO4_22
S33a47214,INTAKE LOT_260128_SOHO4_22
S33a47224,INTAKE LOT_260128_SOHO4_22
S33a47234,INTAKE LOT_260128_SOHO4_22
S33a47244,INTAKE LOT_260128_SOHO4_22
S33a47254,INTAKE LOT_260128_SOHO4_22
S33a47264,INTAKE LOT_260128_SOHO4_22
S33a47274,INTAKE LOT_260128_SOHO4_22
S33a47284,INTAKE LOT_260128_SOHO4_22
R13a15564,INTAKE LOT_260218_SOHO4_25
R13a15574,INTAKE LOT_260203_SOHO4_23
S33a47294,INTAKE LOT_260203_SOHO4_23
S33a47304,INTAKE LOT_260203_SOHO4_23
S33a47334,INTAKE LOT_260203_SOHO4_23
S33a47384,INTAKE LOT_260203_SOHO4_23
S33a47414,INTAKE LOT_260203_SOHO4_23
S33a47424,INTAKE LOT_260203_SOHO4_23
S33a47434,INTAKE LOT_260203_SOHO4_23
S33a47454,INTAKE LOT_260203_SOHO4_23
R13a15584,INTAKE LOT_260203_SOHO4_23
R13a15594,INTAKE LOT_260203_SOHO4_23
S33a47474,INTAKE LOT_260203_SOHO4_23
S33a47484,INTAKE LOT_260203_SOHO4_23
R91a1524,INTAKE LOT_260203_SOHO4_23
S33a47514,INTAKE LOT_260203_SOHO4_23
S33a47534,INTAKE LOT_260203_SOHO4_23
S33a47594,INTAKE LOT_260203_SOHO4_23
S33a47604,INTAKE LOT_260203_SOHO4_23
S33a47614,INTAKE LOT_260203_SOHO4_23
R48a4614,INTAKE LOT_260203_SOHO4_23
R67a2634,INTAKE LOT_260203_SOHO4_23
R67a2644,INTAKE LOT_260203_SOHO4_23
R67a2654,INTAKE LOT_260203_SOHO4_23
R67a2664,INTAKE LOT_260203_SOHO4_23
S20d0904,INTAKE LOT_260203_SOHO4_23
R67a2674,INTAKE LOT_260203_SOHO4_23
T51a0734,INTAKE LOT_260203_SOHO4_23
R91a1544,INTAKE LOT_260203_SOHO4_23
T46a0094,INTAKE LOT_260203_SOHO4_23
R82a8714,INTAKE LOT_260203_SOHO4_23
S33a47744,INTAKE LOT_260217_SOHO4_24
S33a47754,INTAKE LOT_260217_SOHO4_24
S33a47764,INTAKE LOT_260217_SOHO4_24
S33a47774,INTAKE LOT_260217_SOHO4_24
S33a47784,INTAKE LOT_260217_SOHO4_24
S33a47794,INTAKE LOT_260217_SOHO4_24
S33a47804,INTAKE LOT_260217_SOHO4_24
S33a47814,INTAKE LOT_260217_SOHO4_24
S33a47824,INTAKE LOT_260217_SOHO4_24
S33a47834,INTAKE LOT_260217_SOHO4_24
S33a47844,INTAKE LOT_260217_SOHO4_24
S33a47854,INTAKE LOT_260217_SOHO4_24
S33a47864,INTAKE LOT_260217_SOHO4_24
S33a47874,INTAKE LOT_260217_SOHO4_24
S33a47884,INTAKE LOT_260217_SOHO4_24
S33a47894,INTAKE LOT_260217_SOHO4_24
S33a47904,INTAKE LOT_260217_SOHO4_24
S33a47914,INTAKE LOT_260217_SOHO4_24
S33a47924,INTAKE LOT_260217_SOHO4_24
S33a47934,INTAKE LOT_260217_SOHO4_24
S33a47944,INTAKE LOT_260217_SOHO4_24
S33a47954,INTAKE LOT_260217_SOHO4_24
S33a47964,INTAKE LOT_260217_SOHO4_24
S73r1194,INTAKE LOT_260217_SOHO4_24
S73r1204,INTAKE LOT_260217_SOHO4_24
S81j0044,INTAKE LOT_260217_SOHO4_24
S81j0054,INTAKE LOT_260217_SOHO4_24
S86b0254,INTAKE LOT_260217_SOHO4_24
S86b0264,INTAKE LOT_260217_SOHO4_24
T31a0224,INTAKE LOT_260217_SOHO4_24
S33a47974,INTAKE LOT_260218_SOHO4_25
S33a47984,INTAKE LOT_260218_SOHO4_25
S33a47994,INTAKE LOT_260218_SOHO4_25
S33a48004,INTAKE LOT_260218_SOHO4_25
S33a48014,INTAKE LOT_260218_SOHO4_25
S33a48024,INTAKE LOT_260218_SOHO4_25
S33a48034,INTAKE LOT_260218_SOHO4_25
S33a48044,INTAKE LOT_260218_SOHO4_25
S33a48054,INTAKE LOT_260218_SOHO4_25
S33a48064,INTAKE LOT_260218_SOHO4_25
S33a48074,INTAKE LOT_260218_SOHO4_25
S33a48084,INTAKE LOT_260218_SOHO4_25
T54a0014,INTAKE LOT_260218_SOHO4_25
R48a4644,INTAKE LOT_260218_SOHO4_25
R48a4654,INTAKE LOT_260218_SOHO4_25
R48a4664,INTAKE LOT_260218_SOHO4_25
R48a4674,INTAKE LOT_260218_SOHO4_25
R48a4684,INTAKE LOT_260218_SOHO4_25
R48a4694,INTAKE LOT_260218_SOHO4_25
R13a15604,INTAKE LOT_260225_SOHO4_26
R13a15614,INTAKE LOT_260225_SOHO4_26
R36a2464,INTAKE LOT_260225_SOHO4_26
R48a4704,INTAKE LOT_260225_SOHO4_26
R82a8724,INTAKE LOT_260225_SOHO4_26
R82a8734,INTAKE LOT_260225_SOHO4_26
R82a8744,INTAKE LOT_260225_SOHO4_26
S33a48094,INTAKE LOT_260225_SOHO4_26
S33a48104,INTAKE LOT_260225_SOHO4_26
S33a48114,INTAKE LOT_260225_SOHO4_26
S33a48124,INTAKE LOT_260225_SOHO4_26
S33a48134,INTAKE LOT_260225_SOHO4_26
S33a48144,INTAKE LOT_260225_SOHO4_26
S33a48154,INTAKE LOT_260225_SOHO4_26
S33a48164,INTAKE LOT_260225_SOHO4_26
T46a0104,INTAKE LOT_260225_SOHO4_26
T46a0114,INTAKE LOT_260225_SOHO4_26
T46a0124,INTAKE LOT_260225_SOHO4_26
T51a0754,INTAKE LOT_260225_SOHO4_26
T51a0764,INTAKE LOT_260225_SOHO4_26
T54a0024,INTAKE LOT_260225_SOHO4_26
T54a0034,INTAKE LOT_260225_SOHO4_26
T54a0044,INTAKE LOT_260225_SOHO4_26
T54a0054,INTAKE LOT_260225_SOHO4_26
T54a0064,INTAKE LOT_260225_SOHO4_26
T54a0074,INTAKE LOT_260225_SOHO4_26
T54a0084,INTAKE LOT_260225_SOHO4_26
T54a0094,INTAKE LOT_260225_SOHO4_26
T54a0104,INTAKE LOT_260225_SOHO4_26
T55a0014,INTAKE LOT_260225_SOHO4_26
C32b5094,INTAKE LOT_260226_SOHO4_PUNTA
C32b5104,INTAKE LOT_260226_SOHO4_PUNTA
C32b5114,INTAKE LOT_260226_SOHO4_PUNTA
C32b5124,INTAKE LOT_260226_SOHO4_PUNTA
R48a4714,INTAKE LOT_260226_SOHO4_PUNTA
S33a48174,INTAKE LOT_260226_SOHO4_PUNTA
S33a48184,INTAKE LOT_260226_SOHO4_PUNTA
S33a48194,INTAKE LOT_260226_SOHO4_PUNTA
T46a0134,INTAKE LOT_260226_SOHO4_PUNTA
T46a0144,INTAKE LOT_260226_SOHO4_PUNTA
T54a0114,INTAKE LOT_260226_SOHO4_PUNTA
T54a0124,INTAKE LOT_260226_SOHO4_PUNTA
T54a0134,INTAKE LOT_260226_SOHO4_PUNTA
R13a15624,260226_SOHO4_PUNTA_B
R13a15644,260226_SOHO4_PUNTA_B
R48a4724,260226_SOHO4_PUNTA_B
R48a4734,260226_SOHO4_PUNTA_B
R48a4744,260226_SOHO4_PUNTA_B
R48a4754,260226_SOHO4_PUNTA_B
S33a48204,260226_SOHO4_PUNTA_B
S33a48214,260226_SOHO4_PUNTA_B
S33a48224,260226_SOHO4_PUNTA_B
T54a0144,260226_SOHO4_PUNTA_B
T55a0024,260226_SOHO4_PUNTA_B
T55a0034,260226_SOHO4_PUNTA_B
T55a0044,260226_SOHO4_PUNTA_B
R13a15654,INTAKE LOT_250812_SOHO4_03
R13a15664,INTAKE LOT_250812_SOHO4_03
R25a4394,INTAKE LOT_250812_SOHO4_03
R25a4404,INTAKE LOT_250812_SOHO4_03
R73a8844,INTAKE LOT_250812_SOHO4_03
R73a8854,INTAKE LOT_250812_SOHO4_03
R73a8864,INTAKE LOT_250812_SOHO4_03
R73a8874,INTAKE LOT_250812_SOHO4_03
R73a8884,INTAKE LOT_250812_SOHO4_03
R73a8894,INTAKE LOT_250812_SOHO4_03
R73a8904,INTAKE LOT_250812_SOHO4_03
R73a8914,INTAKE LOT_250812_SOHO4_03
R73a8924,INTAKE LOT_250812_SOHO4_03
R73a8934,INTAKE LOT_250812_SOHO4_03
R73a8944,INTAKE LOT_250812_SOHO4_03
R73a8954,INTAKE LOT_250812_SOHO4_03
R73a8964,INTAKE LOT_250812_SOHO4_03
R73a8974,INTAKE LOT_250812_SOHO4_03
R73a8984,INTAKE LOT_250812_SOHO4_03
R73a8994,INTAKE LOT_250812_SOHO4_03
R73a9004,INTAKE LOT_250812_SOHO4_03
R73a9014,INTAKE LOT_250812_SOHO4_03
R73a9024,INTAKE LOT_250812_SOHO4_03
R73a9034,INTAKE LOT_250812_SOHO4_03
R73a9044,INTAKE LOT_250812_SOHO4_03
R93a1704,INTAKE LOT_250812_SOHO4_03
R93a1714,INTAKE LOT_250812_SOHO4_03
S22a0274,INTAKE LOT_250812_SOHO4_03
S33a48234,INTAKE LOT_250812_SOHO4_03
S33a48244,INTAKE LOT_250812_SOHO4_03
R13a15674,INTAKE LOT_260302_SOHO4_PUNTA_2
R13a15684,INTAKE LOT_260302_SOHO4_PUNTA_2
R13a15694,INTAKE LOT_260302_SOHO4_PUNTA_2
R48a4764,INTAKE LOT_260302_SOHO4_PUNTA_2
R67a2684,INTAKE LOT_260302_SOHO4_PUNTA_2
R67a2694,INTAKE LOT_260302_SOHO4_PUNTA_2
R67a2704,INTAKE LOT_260302_SOHO4_PUNTA_2
S33a48254,INTAKE LOT_260302_SOHO4_PUNTA_2
S33a48264,INTAKE LOT_260302_SOHO4_PUNTA_2
S33a48274,INTAKE LOT_260302_SOHO4_PUNTA_2
S89a5244,INTAKE LOT_260302_SOHO4_PUNTA_2
S89a5254,INTAKE LOT_260302_SOHO4_PUNTA_2
T55a0054,INTAKE LOT_260302_SOHO4_PUNTA_2
T46a0154,INTAKE LOT_260302_SOHO4_PUNTA_2
T46a0164,INTAKE LOT_260302_SOHO4_PUNTA_2
R85a5574,INTAKE LOT_260302_SOHO4_PUNTA_2
R13a15704,INTAKE LOT_260302_SOHO4_PUNTA_2
R13a15714,INTAKE LOT_260302_SOHO4_PUNTA_2
R67a2714,INTAKE LOT_260302_SOHO4_PUNTA_2
R67a2724,INTAKE LOT_260302_SOHO4_PUNTA_2
R67a2734,INTAKE LOT_260302_SOHO4_PUNTA_2
R67a2744,INTAKE LOT_260302_SOHO4_PUNTA_2
T08a0414,INTAKE LOT_260302_SOHO4_PUNTA_2
T08a0424,INTAKE LOT_260302_SOHO4_PUNTA_2
T08a0434,INTAKE LOT_260302_SOHO4_PUNTA_2
S73r1214,INTAKE LOT_260302_SOHO4_PUNTA_2
S73r1224,INTAKE LOT_260302_SOHO4_PUNTA_2
S33a48284,INTAKE LOT_260302_SOHO4_PUNTA_2
S33a48294,INTAKE LOT_260302_SOHO4_PUNTA_2
R85c0014,INTAKE LOT_260302_SOHO4_PUNTA_2
R13a15724,INTAKE LOT_260310_SOHO4_27
R13a15734,INTAKE LOT_260310_SOHO4_27
R13a15744,INTAKE LOT_260310_SOHO4_27
R13a15754,INTAKE LOT_260310_SOHO4_27
R48a4774,INTAKE LOT_260310_SOHO4_27
R48a4784,INTAKE LOT_260310_SOHO4_27
R48a4794,INTAKE LOT_260310_SOHO4_27
R48a4804,INTAKE LOT_260310_SOHO4_27
R48a4814,INTAKE LOT_260310_SOHO4_27
R48a4824,INTAKE LOT_260310_SOHO4_27
R48a4834,INTAKE LOT_260310_SOHO4_27
R48a4844,INTAKE LOT_260310_SOHO4_27
R48a4854,INTAKE LOT_260310_SOHO4_27
R48a4864,INTAKE LOT_260310_SOHO4_27
R85c0024,INTAKE LOT_260310_SOHO4_27
S13a0414,INTAKE LOT_260310_SOHO4_27
S13b0214,INTAKE LOT_260310_SOHO4_27
S13b0224,INTAKE LOT_260310_SOHO4_27
S13b0234,INTAKE LOT_260310_SOHO4_27
S20d0934,INTAKE LOT_260310_SOHO4_27
S33a48304,INTAKE LOT_260310_SOHO4_27
S73r1234,INTAKE LOT_260310_SOHO4_27
S73r1244,INTAKE LOT_260310_SOHO4_27
S73r1254,INTAKE LOT_260310_SOHO4_27
T31a0234,INTAKE LOT_260310_SOHO4_27
T46a0174,INTAKE LOT_260310_SOHO4_27
T55a0064,INTAKE LOT_260310_SOHO4_27
T55a0074,INTAKE LOT_260310_SOHO4_27
T55a0084,INTAKE LOT_260310_SOHO4_27
C32c0014,INTAKE LOT_260317_SOHO4_28
C32c0024,INTAKE LOT_260317_SOHO4_28
C32c0034,INTAKE LOT_260317_SOHO4_28
C32c0044,INTAKE LOT_260317_SOHO4_28
C32c0054,INTAKE LOT_260317_SOHO4_28
R48a4874,INTAKE LOT_260317_SOHO4_28
R48a4884,INTAKE LOT_260317_SOHO4_28
R48a4894,INTAKE LOT_260317_SOHO4_28
R48a4904,INTAKE LOT_260317_SOHO4_28
R48a4914,INTAKE LOT_260317_SOHO4_28
R48a4924,INTAKE LOT_260317_SOHO4_28
R48a4934,INTAKE LOT_260317_SOHO4_28
R48a4944,INTAKE LOT_260317_SOHO4_28
R48a4954,INTAKE LOT_260317_SOHO4_28
R48a4964,INTAKE LOT_260317_SOHO4_28
R85c0034,INTAKE LOT_260317_SOHO4_28
T46a0184,INTAKE LOT_260317_SOHO4_28
T46a0194,INTAKE LOT_260317_SOHO4_28
T55a0094,INTAKE LOT_260317_SOHO4_28
R13a15764,INTAKE LOT_260317_SOHO4_28
R13a15774,INTAKE LOT_260317_SOHO4_28
T54a0154,INTAKE LOT_260317_SOHO4_28
R13a15784,INTAKE LOT_260317_SOHO4_28
R13a15794,INTAKE LOT_260317_SOHO4_28
R13a15804,INTAKE LOT_260317_SOHO4_28
R13a15814,INTAKE LOT_260317_SOHO4_28
R13a15824,INTAKE LOT_260317_SOHO4_28
R13a15834,INTAKE LOT_260317_SOHO4_28
R13a15844,INTAKE LOT_260317_SOHO4_28
R13a15854,INTAKE LOT_260317_SOHO4_28
R48a4974,INTAKE LOT_260325_SOHO4_29
R48a4984,INTAKE LOT_260325_SOHO4_29
R48a4994,INTAKE LOT_260325_SOHO4_29
R48a5004,INTAKE LOT_260325_SOHO4_29
R48a5014,INTAKE LOT_260325_SOHO4_29
R48a5024,INTAKE LOT_260325_SOHO4_29
R48a5034,INTAKE LOT_260325_SOHO4_29
R48a5044,INTAKE LOT_260325_SOHO4_29
R48a5054,INTAKE LOT_260325_SOHO4_29
R48a5064,INTAKE LOT_260325_SOHO4_29
R48a5074,INTAKE LOT_260325_SOHO4_29
R48a5084,INTAKE LOT_260325_SOHO4_29
S33a48324,INTAKE LOT_260325_SOHO4_29
S33a48334,INTAKE LOT_260325_SOHO4_29
S33a48344,INTAKE LOT_260325_SOHO4_29
S33a48354,INTAKE LOT_260325_SOHO4_29
S33a48364,INTAKE LOT_260325_SOHO4_29
S33a48374,INTAKE LOT_260325_SOHO4_29
S33a48384,INTAKE LOT_260325_SOHO4_29
S33a48394,INTAKE LOT_260325_SOHO4_29
S33a48404,INTAKE LOT_260325_SOHO4_29
S33a48414,INTAKE LOT_260325_SOHO4_29
S33a48424,INTAKE LOT_260325_SOHO4_29
S33a48434,INTAKE LOT_260325_SOHO4_29
S33a48444,INTAKE LOT_260325_SOHO4_29
T51a0774,INTAKE LOT_260325_SOHO4_29
T51a0784,INTAKE LOT_260325_SOHO4_29
T51a0794,INTAKE LOT_260325_SOHO4_29
T51a0804,INTAKE LOT_260325_SOHO4_29
T51a0814,INTAKE LOT_260325_SOHO4_29
S33a48454,INTAKE LOT_260331_SOHO4_30
S33a48464,INTAKE LOT_260331_SOHO4_30
S33a48474,INTAKE LOT_260331_SOHO4_30
S33a48484,INTAKE LOT_260331_SOHO4_30
S33a48494,INTAKE LOT_260331_SOHO4_30
S33a48504,INTAKE LOT_260331_SOHO4_30
S33a48514,INTAKE LOT_260331_SOHO4_30
S33a48524,INTAKE LOT_260331_SOHO4_30
S33a48534,INTAKE LOT_260331_SOHO4_30
S33a48544,INTAKE LOT_260331_SOHO4_30
S33a48554,INTAKE LOT_260331_SOHO4_30
S33a48564,INTAKE LOT_260331_SOHO4_30
S33a48574,INTAKE LOT_260331_SOHO4_30
S33a48584,INTAKE LOT_260331_SOHO4_30
S33a48594,INTAKE LOT_260331_SOHO4_30
S33a48604,INTAKE LOT_260331_SOHO4_30
S33a48614,INTAKE LOT_260331_SOHO4_30
R13a15864,INTAKE LOT_260331_SOHO4_30
R13a15874,INTAKE LOT_260331_SOHO4_30
R13a15884,INTAKE LOT_260331_SOHO4_30
R13a15894,INTAKE LOT_260331_SOHO4_30
R13a15904,INTAKE LOT_260331_SOHO4_30
R13a15914,INTAKE LOT_260331_SOHO4_30
S86b0274,INTAKE LOT_260331_SOHO4_30
S33a48624,INTAKE LOT_260331_SOHO4_30
R48a5094,INTAKE LOT_260331_SOHO4_30
R48a5104,INTAKE LOT_260331_SOHO4_30
R48a5114,INTAKE LOT_260331_SOHO4_30
R48a5124,INTAKE LOT_260331_SOHO4_30
R48a5134,INTAKE LOT_260331_SOHO4_30
R48a5144,INTAKE LOT_260406_SOHO4_31
R48a5154,INTAKE LOT_260406_SOHO4_31
R48a5164,INTAKE LOT_260406_SOHO4_31
R48a5174,INTAKE LOT_260406_SOHO4_31
R48a5184,INTAKE LOT_260406_SOHO4_31
R48a5194,INTAKE LOT_260406_SOHO4_31
S73r1264,INTAKE LOT_260406_SOHO4_31
S73r1274,INTAKE LOT_260406_SOHO4_31
S86b0284,INTAKE LOT_260406_SOHO4_31
T55a0104,INTAKE LOT_260406_SOHO4_31
T55a0114,INTAKE LOT_260406_SOHO4_31
T55a0124,INTAKE LOT_260406_SOHO4_31
T55a0134,INTAKE LOT_260406_SOHO4_31
S33a48634,INTAKE LOT_260406_SOHO4_31
S33a48644,INTAKE LOT_260406_SOHO4_31
S33a48654,INTAKE LOT_260406_SOHO4_31
S33a48664,INTAKE LOT_260406_SOHO4_31
S33a48674,INTAKE LOT_260406_SOHO4_31
S33a48684,INTAKE LOT_260406_SOHO4_31
S33a48694,INTAKE LOT_260406_SOHO4_31
S33a48704,INTAKE LOT_260406_SOHO4_31
S33a48714,INTAKE LOT_260406_SOHO4_31
S33a48724,INTAKE LOT_260406_SOHO4_31
S33a48734,INTAKE LOT_260406_SOHO4_31
S33a48744,INTAKE LOT_260406_SOHO4_31
S33a48754,INTAKE LOT_260406_SOHO4_31
S33a48764,INTAKE LOT_260406_SOHO4_31
S33a48774,INTAKE LOT_260406_SOHO4_31
S33a48784,INTAKE LOT_260406_SOHO4_31
S33a48794,INTAKE LOT_260406_SOHO4_31